areaCodenewPeopleVaccinatedFirstDoseByPublishDate,areaName,areaType,date,capacityPillarFour,capacityPillarOneTwo,capacityPillarThree,covidOccupiedMVBeds,hospitalCases,newAdmissions,newPeopleVaccinatedFirstDoseByPublishDate,newPeopleVaccinatedSecondDoseByPublishDate,newVirusTests,plannedCapacityByPublishDate
K02000001,United Kingdom,overview,2021-11-27,5042,713833,120000,925,7633,,22304,31679,,
K02000001,United Kingdom,overview,2021-11-26,2400,713793,120000,928,7654,,19933,23149,,
K02000001,United Kingdom,overview,2021-11-25,2400,711633,120000,919,7903,,23579,22823,1048739,838875
K02000001,United Kingdom,overview,2021-11-24,2400,661213,120000,928,8123,,24579,23439,1083684,836193
K02000001,United Kingdom,overview,2021-11-23,2400,656133,120000,913,8029,768,26822,22002,910710,834033
K02000001,United Kingdom,overview,2021-11-22,2400,650473,120000,908,7933,730,23258,18517,979922,783613
K02000001,United Kingdom,overview,2021-11-21,2400,684143,120000,911,8058,748,16424,13892,1013013,778533
K02000001,United Kingdom,overview,2021-11-20,2400,673424,120000,923,8110,724,26013,24193,717721,772873
K02000001,United Kingdom,overview,2021-11-19,2400,666644,120000,935,8211,767,27084,21607,865460,806543
K02000001,United Kingdom,overview,2021-11-18,2400,682424,120000,938,8461,836,28880,20650,993405,795824
K02000001,United Kingdom,overview,2021-11-17,2400,682734,120000,968,8740,857,33092,22120,1043488,789044
K02000001,United Kingdom,overview,2021-11-16,2400,830704,120000,979,8584,892,31431,19874,807598,804824
K02000001,United Kingdom,overview,2021-11-15,2400,830634,120000,974,8500,833,32046,18055,916832,805134
K02000001,United Kingdom,overview,2021-11-14,2400,830674,120000,989,8636,804,22938,17048,918544,953104
K02000001,United Kingdom,overview,2021-11-13,2400,830481,120000,999,8731,772,33527,24325,667791,953034
K02000001,United Kingdom,overview,2021-11-12,2400,826671,120000,1008,8883,881,34338,22048,830535,953074
K02000001,United Kingdom,overview,2021-11-11,2409,826571,120000,1023,8956,956,36383,22485,980626,952881
K02000001,United Kingdom,overview,2021-11-10,2513,861350,120000,1026,9007,977,119188,47766,1024023,949071
K02000001,United Kingdom,overview,2021-11-09,3033,861370,120000,1012,8859,983,39836,21199,851560,948980
K02000001,United Kingdom,overview,2021-11-08,2400,861510,120000,1018,8839,1008,33559,20361,920068,983863
K02000001,United Kingdom,overview,2021-11-07,5451,858270,120000,1026,9085,878,25840,14610,869016,984403
K02000001,United Kingdom,overview,2021-11-06,7078,861609,120000,1034,9286,823,36748,24500,649990,983910
K02000001,United Kingdom,overview,2021-11-05,20919,861219,120000,1019,9433,849,43491,22633,831151,983721
K02000001,United Kingdom,overview,2021-11-04,8126,861339,120000,1024,9650,874,43731,20482,914955,988687
K02000001,United Kingdom,overview,2021-11-03,2789,861299,120000,1030,9667,977,41242,17965,1020990,1002138
K02000001,United Kingdom,overview,2021-11-02,3345,873559,120000,980,9423,1078,46663,20922,868999,989465
K02000001,United Kingdom,overview,2021-11-01,10860,869529,120000,968,9268,1088,37695,19214,905663,984088
K02000001,United Kingdom,overview,2021-10-31,18114,859489,120000,962,9217,1010,27402,13449,950858,996904
K02000001,United Kingdom,overview,2021-10-30,11430,859504,120000,944,9122,900,36052,25401,678413,1000389
K02000001,United Kingdom,overview,2021-10-29,19443,860524,120000,945,9044,1025,40967,22279,847823,997603
K02000001,United Kingdom,overview,2021-10-28,4789,858974,120000,952,8940,1077,44702,23723,875931,990934
K02000001,United Kingdom,overview,2021-10-27,2846,859074,120000,913,8824,1149,44082,21577,916286,999967
K02000001,United Kingdom,overview,2021-10-26,4751,856974,120000,885,8501,1111,41083,23031,802547,983763
K02000001,United Kingdom,overview,2021-10-25,7587,858254,120000,869,8332,1059,37809,21446,820481,981920
K02000001,United Kingdom,overview,2021-10-24,4467,861834,120000,889,8339,971,25747,18082,785553,981725
K02000001,United Kingdom,overview,2021-10-23,6368,862727,120000,892,8356,911,40092,30243,706080,985841
K02000001,United Kingdom,overview,2021-10-22,2400,862727,120000,872,8262,934,46250,26170,912061,986301
K02000001,United Kingdom,overview,2021-10-21,2400,871307,120000,851,8006,979,48732,26828,1011431,989095
K02000001,United Kingdom,overview,2021-10-20,2400,866597,120000,826,7857,1106,49080,26365,1103117,985127
K02000001,United Kingdom,overview,2021-10-19,2400,862157,120000,819,7489,1108,42902,32767,877223,993707
K02000001,United Kingdom,overview,2021-10-18,2400,874027,120000,805,7218,1083,39672,23579,911550,988997
K02000001,United Kingdom,overview,2021-10-17,2400,877617,120000,791,7192,969,17837,17265,980528,984557
K02000001,United Kingdom,overview,2021-10-16,2400,907023,120000,783,7180,884,28999,33483,729043,996427
K02000001,United Kingdom,overview,2021-10-15,2400,906733,120000,781,7122,947,40763,29432,909449,1000017
K02000001,United Kingdom,overview,2021-10-14,2400,821263,120000,780,7108,914,43489,27991,980883,1029423
K02000001,United Kingdom,overview,2021-10-13,2400,831503,120000,747,7080,924,38726,29481,1045158,1029133
K02000001,United Kingdom,overview,2021-10-12,2400,900963,120000,744,6926,939,36847,26946,873498,943663
K02000001,United Kingdom,overview,2021-10-11,2400,885883,120000,768,6754,846,29172,23632,936288,953903
K02000001,United Kingdom,overview,2021-10-10,2400,875813,120000,780,6810,732,22106,19451,968269,1023363
K02000001,United Kingdom,overview,2021-10-09,2400,868549,120000,808,6832,766,31395,33477,709073,1008283
K02000001,United Kingdom,overview,2021-10-08,2400,868329,120000,807,6883,786,31685,29068,917769,998213
K02000001,United Kingdom,overview,2021-10-07,2400,841279,120000,800,6898,820,33029,28656,962225,990949
K02000001,United Kingdom,overview,2021-10-06,2400,863329,120000,769,6822,780,32828,28576,1072740,990729
K02000001,United Kingdom,overview,2021-10-05,2400,845149,120000,778,6632,836,41347,28572,856416,963679
K02000001,United Kingdom,overview,2021-10-04,2400,830619,120000,764,6475,807,37671,29337,940981,985729
K02000001,United Kingdom,overview,2021-10-03,2670,851239,120000,805,6623,718,24123,21532,1022070,967549
K02000001,United Kingdom,overview,2021-10-02,3372,845015,120000,815,6792,697,31066,34391,735038,953019
K02000001,United Kingdom,overview,2021-10-01,7358,830625,120000,813,6936,694,38180,34289,879317,973909
K02000001,United Kingdom,overview,2021-09-30,5561,840695,120000,826,7050,703,34372,34459,1040967,968387
K02000001,United Kingdom,overview,2021-09-29,4640,884915,120000,831,7067,809,31539,34093,1115605,957983
K02000001,United Kingdom,overview,2021-09-28,7141,880945,120000,839,6836,778,31853,33532,861209,966256
K02000001,United Kingdom,overview,2021-09-27,8063,876735,120000,874,6975,783,24919,33177,1010007,1009555
K02000001,United Kingdom,overview,2021-09-26,9042,871585,120000,878,6929,670,15984,25539,1126440,1008086
K02000001,United Kingdom,overview,2021-09-25,10667,864675,120000,916,7180,675,24296,47118,786367,1004798
K02000001,United Kingdom,overview,2021-09-24,12643,873595,120000,939,7430,727,27617,44759,905141,1000627
K02000001,United Kingdom,overview,2021-09-23,7877,875105,120000,943,7637,778,25083,44588,1063394,995342
K02000001,United Kingdom,overview,2021-09-22,2400,875625,120000,982,7810,752,22679,44047,969173,1006238
K02000001,United Kingdom,overview,2021-09-21,10082,840095,120000,1006,7758,803,20384,43406,895328,1002982
K02000001,United Kingdom,overview,2021-09-20,11197,828465,120000,1004,7706,812,20150,46342,984065,998025
K02000001,United Kingdom,overview,2021-09-19,10828,827315,120000,1011,7916,731,13840,35157,1123798,970177
K02000001,United Kingdom,overview,2021-09-18,9598,820440,120000,1020,8123,759,26198,72497,713308,959662
K02000001,United Kingdom,overview,2021-09-17,9155,822630,120000,1081,8406,752,20778,60384,928670,958143
K02000001,United Kingdom,overview,2021-09-16,4933,823180,120000,1060,8400,890,23051,63973,1059522,950038
K02000001,United Kingdom,overview,2021-09-15,5826,799250,120000,1056,8477,949,24402,63290,1084585,951785
K02000001,United Kingdom,overview,2021-09-14,2400,771580,120000,1055,8254,949,17645,66725,882827,948113
K02000001,United Kingdom,overview,2021-09-13,2400,771350,120000,1027,8144,942,19428,60653,1043118,925076
K02000001,United Kingdom,overview,2021-09-12,2400,761870,120000,1056,8316,864,14955,52615,1079196,893980
K02000001,United Kingdom,overview,2021-09-11,2400,762132,120000,1051,8145,850,27913,98059,746405,893750
K02000001,United Kingdom,overview,2021-09-10,2400,756772,120000,1060,8136,921,26064,91811,1066296,884270
K02000001,United Kingdom,overview,2021-09-09,2400,686792,120000,1047,7980,1035,25774,96702,1241334,884532
K02000001,United Kingdom,overview,2021-09-08,2400,687285,120000,1062,8036,1163,25131,87960,1254874,879172
K02000001,United Kingdom,overview,2021-09-07,2400,767415,120000,1018,7750,1104,26624,85848,1169945,809192
K02000001,United Kingdom,overview,2021-09-06,2400,758815,120000,1019,7555,1076,22698,80015,1346631,809685
K02000001,United Kingdom,overview,2021-09-05,2400,748565,120000,1034,7670,879,21795,73193,1038794,889815
K02000001,United Kingdom,overview,2021-09-04,2400,720242,120000,1038,7621,952,41054,128553,757917,881215
K02000001,United Kingdom,overview,2021-09-03,2400,718582,120000,1030,7681,927,35266,110590,1190266,870965
K02000001,United Kingdom,overview,2021-09-02,2400,698152,120000,1014,7677,1001,40002,119375,1155929,842642
K02000001,United Kingdom,overview,2021-09-01,2400,758152,120000,984,7339,1082,44088,113385,1027203,840982
K02000001,United Kingdom,overview,2021-08-31,2400,762152,120000,971,7110,1001,39899,119402,921219,820552
K02000001,United Kingdom,overview,2021-08-30,2400,751792,120000,953,6979,1002,19643,66648,672479,880552
K02000001,United Kingdom,overview,2021-08-29,2400,752152,120000,988,7084,855,24390,79440,707374,884552
K02000001,United Kingdom,overview,2021-08-28,2400,747435,120000,982,7031,862,43271,133688,720342,874192
K02000001,United Kingdom,overview,2021-08-27,2400,747435,120000,974,6986,942,44937,131456,889605,874552
K02000001,United Kingdom,overview,2021-08-26,2400,751251,120000,957,6961,953,55140,144936,948488,869835
K02000001,United Kingdom,overview,2021-08-25,2400,768851,120000,942,7019,1035,68076,161705,923845,869835
K02000001,United Kingdom,overview,2021-08-24,2400,722911,120000,963,6749,999,55410,130676,748739,873651
K02000001,United Kingdom,overview,2021-08-23,2400,722611,120000,955,6531,968,46401,131283,741817,891251
K02000001,United Kingdom,overview,2021-08-22,2400,723731,120000,955,6520,832,40345,116352,679665,845311
K02000001,United Kingdom,overview,2021-08-21,2400,723098,120000,928,6509,873,73006,194881,647034,845011
K02000001,United Kingdom,overview,2021-08-20,2400,723868,120000,909,6465,870,60885,167392,763706,846131
K02000001,United Kingdom,overview,2021-08-19,2400,722768,120000,925,6407,946,55979,175059,822777,845498
K02000001,United Kingdom,overview,2021-08-18,2400,722928,120000,918,6383,911,47284,169223,808235,846268
K02000001,United Kingdom,overview,2021-08-17,2400,720028,120000,898,6046,967,43824,145875,728313,845168
K02000001,United Kingdom,overview,2021-08-16,2400,719968,120000,892,5884,871,35716,138390,699466,845328
K02000001,United Kingdom,overview,2021-08-15,2400,709848,120000,892,5987,807,31257,126383,674479,842428
K02000001,United Kingdom,overview,2021-08-14,2400,710619,120000,882,5959,789,46603,199584,655809,842368
K02000001,United Kingdom,overview,2021-08-13,2400,710603,120000,871,6005,789,40490,171585,824414,832248
K02000001,United Kingdom,overview,2021-08-12,2400,710103,120000,874,6020,859,44384,192559,813378,833019
K02000001,United Kingdom,overview,2021-08-11,2400,710193,120000,859,6018,849,41568,173761,842591,833003
K02000001,United Kingdom,overview,2021-08-10,2400,708743,120000,856,5857,892,37511,151143,748898,832503
K02000001,United Kingdom,overview,2021-08-09,2400,708793,120000,854,5703,758,32250,137028,725764,832593
K02000001,United Kingdom,overview,2021-08-08,2400,704743,120000,870,5752,744,22843,122070,689374,831143
K02000001,United Kingdom,overview,2021-08-07,2400,704773,120000,871,5755,729,37990,213583,661538,831193
K02000001,United Kingdom,overview,2021-08-06,2400,703893,120000,881,5792,780,36976,168356,792407,827143
K02000001,United Kingdom,overview,2021-08-05,2400,703773,120000,887,6006,815,35500,172692,825501,827173
K02000001,United Kingdom,overview,2021-08-04,2847,703513,120000,895,6215,835,33334,165669,845680,826293
K02000001,United Kingdom,overview,2021-08-03,2400,699013,120000,877,5982,764,29290,142761,720252,826173
K02000001,United Kingdom,overview,2021-08-02,2400,699013,120000,893,5958,787,26092,126192,724299,826360
K02000001,United Kingdom,overview,2021-08-01,2400,699013,120000,889,6019,740,21232,118044,670913,821413
K02000001,United Kingdom,overview,2021-07-31,2650,699025,120000,869,5986,675,38826,212014,676527,821413
K02000001,United Kingdom,overview,2021-07-30,2691,695025,120000,853,6107,747,36724,171096,838747,821413
K02000001,United Kingdom,overview,2021-07-29,2400,691025,120000,848,6097,839,42353,179918,863554,821675
K02000001,United Kingdom,overview,2021-07-28,2400,703325,120000,820,6004,851,43847,171173,911012,817716
K02000001,United Kingdom,overview,2021-07-27,2400,686025,120000,779,5648,918,35402,151650,797775,813425
K02000001,United Kingdom,overview,2021-07-26,2400,686025,120000,755,5379,937,30019,148936,810459,825725
K02000001,United Kingdom,overview,2021-07-25,2400,680025,120000,715,5312,942,24551,117956,791044,808425
K02000001,United Kingdom,overview,2021-07-24,2400,659885,120000,699,5102,828,43805,203886,757350,808425
K02000001,United Kingdom,overview,2021-07-23,2400,659085,120000,647,4930,865,42974,189341,909423,802425
K02000001,United Kingdom,overview,2021-07-22,2400,646085,120000,618,4742,954,44036,188297,1013261,782285
K02000001,United Kingdom,overview,2021-07-21,2400,629385,120000,611,4651,929,45101,183338,1038954,781485
K02000001,United Kingdom,overview,2021-07-20,2400,652385,120000,582,4347,936,39035,161279,885453,768485
K02000001,United Kingdom,overview,2021-07-19,2400,652385,120000,583,4231,876,35670,143560,1074493,751785
K02000001,United Kingdom,overview,2021-07-18,2400,646385,120000,573,4151,799,18186,128878,1041099,774785
K02000001,United Kingdom,overview,2021-07-17,2400,644403,120000,551,4038,709,67217,225214,784222,774785
K02000001,United Kingdom,overview,2021-07-16,6457,644403,120000,545,3857,701,69491,202314,975603,768785
K02000001,United Kingdom,overview,2021-07-15,5207,605403,120000,522,3673,771,61681,201893,1177716,766803
K02000001,United Kingdom,overview,2021-07-14,6712,574403,120000,482,3458,756,60374,185661,1210002,770860
K02000001,United Kingdom,overview,2021-07-13,7044,620403,120000,454,3182,751,59073,158276,932222,730610
K02000001,United Kingdom,overview,2021-07-12,7815,620403,120000,448,3036,733,54296,125360,1075460,701115
K02000001,United Kingdom,overview,2021-07-11,9185,632403,120000,437,2939,594,42000,107620,1124783,747447
K02000001,United Kingdom,overview,2021-07-10,10395,606389,120000,417,2768,552,93763,211446,742910,748218
K02000001,United Kingdom,overview,2021-07-09,11651,624389,120000,417,2681,561,90083,178819,901977,761588
K02000001,United Kingdom,overview,2021-07-08,7670,624389,120000,392,2486,610,96430,175467,1114234,736784
K02000001,United Kingdom,overview,2021-07-07,9429,600483,120000,369,2364,569,86953,171477,1237992,756040
K02000001,United Kingdom,overview,2021-07-06,10576,600483,120000,336,2178,574,85811,153126,968588,752059
K02000001,United Kingdom,overview,2021-07-05,9961,600483,120000,327,2058,517,76962,147814,1160738,729912
K02000001,United Kingdom,overview,2021-07-04,9287,594483,120000,321,2014,467,77222,111410,1276593,731059
K02000001,United Kingdom,overview,2021-07-03,8809,599478,120000,300,1937,392,137389,196209,659338,730444
K02000001,United Kingdom,overview,2021-07-02,7748,589478,120000,287,1827,391,123605,177478,876646,723770
K02000001,United Kingdom,overview,2021-07-01,5903,581070,120000,283,1748,372,152525,193066,1121678,728287
K02000001,United Kingdom,overview,2021-06-30,5477,576070,120000,297,1745,416,141216,175749,1251696,717226
K02000001,United Kingdom,overview,2021-06-29,2400,598070,120000,263,1607,368,137991,150688,881805,706973
K02000001,United Kingdom,overview,2021-06-28,2400,596070,120000,256,1546,310,127260,138016,1095973,701547
K02000001,United Kingdom,overview,2021-06-27,2400,596070,120000,257,1539,270,139712,123555,1216682,720470
K02000001,United Kingdom,overview,2021-06-26,2400,584073,120000,259,1518,267,234441,199505,622246,718470
K02000001,United Kingdom,overview,2021-06-25,2400,574073,120000,246,1497,256,202497,174770,850807,718470
K02000001,United Kingdom,overview,2021-06-24,2400,574073,120000,250,1543,255,221534,177813,1068088,706473
K02000001,United Kingdom,overview,2021-06-23,2400,574073,120000,228,1519,277,207647,167988,1150834,696473
K02000001,United Kingdom,overview,2021-06-22,2400,579073,120000,210,1385,239,299837,250875,821585,696473
K02000001,United Kingdom,overview,2021-06-21,2400,579073,120000,215,1350,229,21080,39325,1019739,696473
K02000001,United Kingdom,overview,2021-06-20,2400,579073,120000,223,1365,206,163750,109408,1149112,701473
K02000001,United Kingdom,overview,2021-06-19,2400,579131,120000,210,1323,213,280241,236363,591871,701473
K02000001,United Kingdom,overview,2021-06-18,2400,579131,120000,208,1258,241,223140,205677,791219,701473
K02000001,United Kingdom,overview,2021-06-17,2400,579131,120000,206,1233,242,243978,223260,1034685,701531
K02000001,United Kingdom,overview,2021-06-16,2400,579462,120000,188,1182,229,195565,234834,1101741,701531
K02000001,United Kingdom,overview,2021-06-15,2400,579462,120000,188,1141,232,190033,230666,777277,701531
K02000001,United Kingdom,overview,2021-06-14,2400,583462,120000,169,1106,228,132627,235928,930123,701862
K02000001,United Kingdom,overview,2021-06-13,2400,573462,120000,161,1077,222,147228,181121,1052222,701862
K02000001,United Kingdom,overview,2021-06-12,2400,573459,120000,158,1095,178,254185,320326,533809,705862
K02000001,United Kingdom,overview,2021-06-11,7429,568459,120000,159,1064,179,208531,307192,736654,695862
K02000001,United Kingdom,overview,2021-06-10,5707,568459,120000,154,1057,201,201607,308038,945090,695859
K02000001,United Kingdom,overview,2021-06-09,6640,587538,120000,148,1035,194,176559,316258,1085999,695888
K02000001,United Kingdom,overview,2021-06-08,7922,563538,120000,145,964,190,136802,313482,727274,694166
K02000001,United Kingdom,overview,2021-06-07,8796,570938,120000,135,938,176,112941,306068,928425,714178
K02000001,United Kingdom,overview,2021-06-06,10080,570938,120000,130,965,155,127345,259941,1242068,691460
K02000001,United Kingdom,overview,2021-06-05,9893,571266,120000,134,938,126,203613,473378,488842,699734
K02000001,United Kingdom,overview,2021-06-04,8772,571266,120000,129,961,123,179924,388031,670715,701018
K02000001,United Kingdom,overview,2021-06-03,5023,570816,120000,136,930,129,191266,377641,806272,701159
K02000001,United Kingdom,overview,2021-06-02,10670,645813,120000,122,929,130,172763,349019,854697,700038
K02000001,United Kingdom,overview,2021-06-01,12064,638416,120000,124,907,154,108507,338565,664849,695839
K02000001,United Kingdom,overview,2021-05-31,11640,645816,120000,119,887,126,93103,195546,602019,776483
K02000001,United Kingdom,overview,2021-05-30,11643,645816,120000,124,886,112,124887,206322,625777,770480
K02000001,United Kingdom,overview,2021-05-29,10017,645811,120000,120,872,104,183526,418848,488274,777456
K02000001,United Kingdom,overview,2021-05-28,9105,645811,120000,125,895,141,204442,435951,679217,777459
K02000001,United Kingdom,overview,2021-05-27,2400,645811,120000,128,921,128,256517,434096,959007,775828
K02000001,United Kingdom,overview,2021-05-26,2400,645811,120000,121,960,132,236119,427458,1132061,774916
K02000001,United Kingdom,overview,2021-05-25,2400,638411,120000,120,924,134,186147,387987,741912,768211
K02000001,United Kingdom,overview,2021-05-24,2400,645811,120000,123,887,139,122379,332955,946830,768211
K02000001,United Kingdom,overview,2021-05-23,2400,645810,120000,124,922,115,126357,252139,1165801,760811
K02000001,United Kingdom,overview,2021-05-22,2400,645811,120000,123,912,120,205410,556951,499089,768211
K02000001,United Kingdom,overview,2021-05-21,2400,645811,120000,122,918,124,219657,426683,715414,768210
K02000001,United Kingdom,overview,2021-05-20,2400,645811,120000,124,898,133,268251,420312,982099,768211
K02000001,United Kingdom,overview,2021-05-19,2400,645811,120000,125,943,127,264858,369018,1180660,768211
K02000001,United Kingdom,overview,2021-05-18,2400,618411,120000,123,941,127,174100,324001,732012,768211
K02000001,United Kingdom,overview,2021-05-17,2400,625811,120000,121,966,102,106733,259049,967126,768211
K02000001,United Kingdom,overview,2021-05-16,2400,625811,120000,124,976,80,131318,183745,1086443,740811
K02000001,United Kingdom,overview,2021-05-15,2400,645838,120000,129,1001,91,237331,391246,460202,748211
K02000001,United Kingdom,overview,2021-05-14,2400,650838,120000,136,1068,93,220068,393402,674608,748211
K02000001,United Kingdom,overview,2021-05-13,2400,645838,120000,138,1106,107,209284,428041,982881,768238
K02000001,United Kingdom,overview,2021-05-12,2400,635580,120000,149,1129,119,184210,452437,1184941,773238
K02000001,United Kingdom,overview,2021-05-11,2400,648180,120000,144,1118,112,135113,350147,711104,768238
K02000001,United Kingdom,overview,2021-05-10,2400,655580,120000,151,1137,104,115053,231835,955467,757980
K02000001,United Kingdom,overview,2021-05-09,2400,650580,120000,159,1157,104,100626,187171,1322338,770580
K02000001,United Kingdom,overview,2021-05-08,2400,650553,120000,163,1159,109,169027,438837,490546,777980
K02000001,United Kingdom,overview,2021-05-07,5460,650553,120000,182,1238,105,133001,465822,708935,772980
K02000001,United Kingdom,overview,2021-05-06,4033,655553,120000,181,1295,122,135470,473001,1067566,772953
K02000001,United Kingdom,overview,2021-05-05,7608,655553,120000,187,1303,120,139097,404226,1214689,776013
K02000001,United Kingdom,overview,2021-05-04,7608,648153,120000,196,1285,103,127170,257486,860368,779586
K02000001,United Kingdom,overview,2021-05-03,8280,647353,120000,188,1287,123,72600,127499,1069724,783161
K02000001,United Kingdom,overview,2021-05-02,9461,647353,120000,185,1366,120,89924,172891,832918,775761
K02000001,United Kingdom,overview,2021-05-01,10831,647351,120000,196,1464,101,143175,372304,485640,775633
K02000001,United Kingdom,overview,2021-04-30,11278,652351,120000,208,1515,110,145589,421785,667686,776814
K02000001,United Kingdom,overview,2021-04-29,10982,652351,120000,214,1572,101,122568,491567,1072576,778182
K02000001,United Kingdom,overview,2021-04-28,12597,652351,120000,227,1649,112,134140,462885,1360719,783629
K02000001,United Kingdom,overview,2021-04-27,13914,628141,120000,231,1626,167,116328,379265,730262,783333
K02000001,United Kingdom,overview,2021-04-26,14204,653251,120000,240,1673,134,90695,304688,1034181,784948
K02000001,United Kingdom,overview,2021-04-25,14599,653251,120000,243,1749,138,79695,260801,1477709,762055
K02000001,United Kingdom,overview,2021-04-24,19840,653250,120000,261,1791,129,148767,547636,502663,787455
K02000001,United Kingdom,overview,2021-04-23,2445,653250,120000,276,1893,155,135786,465015,722997,787850
K02000001,United Kingdom,overview,2021-04-22,8159,653250,120000,300,1926,120,130986,431070,1111876,793090
K02000001,United Kingdom,overview,2021-04-21,7359,653038,120000,318,2007,172,117909,416784,1371393,775695
K02000001,United Kingdom,overview,2021-04-20,2400,650138,120000,311,1983,136,107622,350027,730210,781409
K02000001,United Kingdom,overview,2021-04-19,2400,652738,120000,323,2035,177,99672,273751,1041368,780397
K02000001,United Kingdom,overview,2021-04-18,2400,652738,120000,332,2140,141,83225,221193,1673788,772538
K02000001,United Kingdom,overview,2021-04-17,2400,655338,120000,329,2195,158,139445,499635,492826,775138
K02000001,United Kingdom,overview,2021-04-16,2400,654438,120000,351,2295,159,135557,499664,681887,775138
K02000001,United Kingdom,overview,2021-04-15,2400,655438,120000,370,2408,162,129782,417683,988311,777738
K02000001,United Kingdom,overview,2021-04-14,2400,650438,120000,377,2492,196,117835,343783,1162840,776838
K02000001,United Kingdom,overview,2021-04-13,2400,648538,120000,385,2549,181,76123,312685,679109,777838
K02000001,United Kingdom,overview,2021-04-12,2400,649538,120000,385,2650,207,59905,201191,874399,772838
K02000001,United Kingdom,overview,2021-04-11,2400,649138,120000,405,2793,204,69223,189665,1218037,770938
K02000001,United Kingdom,overview,2021-04-10,2400,648345,120000,421,2872,187,111109,475230,482153,771938
K02000001,United Kingdom,overview,2021-04-09,2400,646945,120000,440,3019,205,106878,450136,676307,771538
K02000001,United Kingdom,overview,2021-04-08,2400,646045,120000,453,3143,208,96242,449269,931579,770745
K02000001,United Kingdom,overview,2021-04-07,2400,645945,120000,461,3255,234,99530,408396,1034088,769345
K02000001,United Kingdom,overview,2021-04-06,2400,633145,120000,469,3229,224,85227,186793,631846,768445
K02000001,United Kingdom,overview,2021-04-05,2400,631845,120000,478,3244,238,40744,64590,741323,768345
K02000001,United Kingdom,overview,2021-04-04,2400,631545,120000,485,3376,197,48055,47708,813693,755545
K02000001,United Kingdom,overview,2021-04-03,2400,653528,120000,517,3557,223,107886,178913,405634,754245
K02000001,United Kingdom,overview,2021-04-02,5795,679928,120000,547,3742,238,107420,246631,555613,753945
K02000001,United Kingdom,overview,2021-04-01,5045,764628,120000,568,3976,233,170818,445416,953206,775928
K02000001,United Kingdom,overview,2021-03-31,7162,786098,120000,583,4197,269,239434,387574,1266685,805723
K02000001,United Kingdom,overview,2021-03-30,7086,770298,120000,582,4185,257,225917,277682,695477,889673
K02000001,United Kingdom,overview,2021-03-29,8086,771298,120000,594,4436,252,236809,168230,972317,913260
K02000001,United Kingdom,overview,2021-03-28,12009,774498,120000,615,4485,272,293548,147594,1641942,897384
K02000001,United Kingdom,overview,2021-03-27,10657,774573,120000,630,4583,273,424301,238861,471328,899384
K02000001,United Kingdom,overview,2021-03-26,13886,774073,120000,682,4880,298,411305,283654,722814,906507
K02000001,United Kingdom,overview,2021-03-25,10608,768873,120000,711,5150,340,324942,234382,1275285,905230
K02000001,United Kingdom,overview,2021-03-24,14778,768473,120000,748,5431,349,337665,242642,1813842,907959
K02000001,United Kingdom,overview,2021-03-23,14217,752473,120000,768,5448,368,325650,169155,839954,899481
K02000001,United Kingdom,overview,2021-03-22,14686,752473,120000,787,5567,361,329897,82300,1191048,903251
K02000001,United Kingdom,overview,2021-03-21,14733,752473,120000,830,5880,358,367006,52612,1893830,886690
K02000001,United Kingdom,overview,2021-03-20,13879,753013,120000,879,6150,364,752308,91977,473050,887159
K02000001,United Kingdom,overview,2021-03-19,11711,753013,120000,925,6585,380,614930,125725,933234,887206
K02000001,United Kingdom,overview,2021-03-18,9001,753113,120000,968,6847,451,528260,132016,1437257,886892
K02000001,United Kingdom,overview,2021-03-17,9514,758854,120000,1016,7207,445,462246,119609,1635141,884724
K02000001,United Kingdom,overview,2021-03-16,2400,736154,120000,1049,7315,441,433320,95799,1319784,882114
K02000001,United Kingdom,overview,2021-03-15,2400,736854,120000,1087,7384,503,386685,53366,1573774,888368
K02000001,United Kingdom,overview,2021-03-14,2400,734654,120000,1110,7728,428,257010,25371,965127,858554
K02000001,United Kingdom,overview,2021-03-13,2400,734609,120000,1192,8066,462,512108,52155,437958,859254
K02000001,United Kingdom,overview,2021-03-12,2400,778609,120000,1236,8436,482,369578,87676,1402203,857054
K02000001,United Kingdom,overview,2021-03-11,2400,775609,120000,1292,9009,550,260809,93563,1614145,857009
K02000001,United Kingdom,overview,2021-03-10,2400,775609,120000,1356,9474,567,243887,97162,1554080,901009
K02000001,United Kingdom,overview,2021-03-09,1100,767836,120000,1394,9459,579,217301,72922,1374579,898009
K02000001,United Kingdom,overview,2021-03-08,1100,769024,120000,1449,9711,577,215273,38788,1529525,898009
K02000001,United Kingdom,overview,2021-03-07,1100,754293,120000,1542,10312,535,164143,20241,805744,888936
K02000001,United Kingdom,overview,2021-03-06,1100,754126,120000,1589,10933,638,416834,31562,452750,890124
K02000001,United Kingdom,overview,2021-03-05,1100,753326,120000,1647,11523,599,437463,56772,953671,875393
K02000001,United Kingdom,overview,2021-03-04,1100,750326,120000,1709,12139,705,376244,70206,992812,875226
K02000001,United Kingdom,overview,2021-03-03,1100,750650,120000,1806,12894,713,278956,68450,863658,874426
K02000001,United Kingdom,overview,2021-03-02,1100,749036,120000,1783,12788,834,224996,51314,675543,871426
K02000001,United Kingdom,overview,2021-03-01,1100,750052,120000,1903,13269,823,203168,28282,727972,871750
K02000001,United Kingdom,overview,2021-02-28,1100,777124,120000,1971,14077,770,185900,19684,526679,870136
K02000001,United Kingdom,overview,2021-02-27,1100,779624,120000,2047,14849,742,407503,27322,383946,871152
K02000001,United Kingdom,overview,2021-02-26,4978,778724,120000,2118,15534,864,504493,32773,604745,898224
K02000001,United Kingdom,overview,2021-02-25,3796,779624,120000,2149,16115,969,485720,35319,731410,900724
K02000001,United Kingdom,overview,2021-02-24,6177,777122,120000,2273,16855,1022,448962,31613,740717,903702
K02000001,United Kingdom,overview,2021-02-23,7457,736036,120000,2329,16857,1121,326692,26317,594629,903420
K02000001,United Kingdom,overview,2021-02-22,9259,775452,120000,2358,17042,1120,192341,18463,670560,903299
K02000001,United Kingdom,overview,2021-02-21,10688,778541,120000,2469,17860,1158,141719,9177,590591,863493
K02000001,United Kingdom,overview,2021-02-20,12989,777024,120000,2535,18522,1094,334679,10263,408118,904711
K02000001,United Kingdom,overview,2021-02-19,12306,778499,120000,2614,19449,1274,371906,15294,521230,909229
K02000001,United Kingdom,overview,2021-02-18,9839,778499,120000,2708,20215,1338,452454,15867,560400,910013
K02000001,United Kingdom,overview,2021-02-17,13450,767997,120000,2805,20994,1412,482110,15147,578844,910805
K02000001,United Kingdom,overview,2021-02-16,15558,759083,120000,2851,21054,1495,364865,12412,488578,908338
K02000001,United Kingdom,overview,2021-02-15,16756,766827,120000,2842,20970,1506,275956,6535,457144,901447
K02000001,United Kingdom,overview,2021-02-14,17737,771294,120000,2943,22324,1535,237962,1915,401786,894641
K02000001,United Kingdom,overview,2021-02-13,13716,770917,120000,3036,23411,1427,505362,2846,403600,903583
K02000001,United Kingdom,overview,2021-02-12,10819,769711,120000,3132,24417,1510,544603,4775,626243,909031
K02000001,United Kingdom,overview,2021-02-11,17984,768771,120000,3164,25689,1680,503116,5647,730223,904633
K02000001,United Kingdom,overview,2021-02-10,1100,766876,120000,3230,26744,1725,450810,4894,763311,900530
K02000001,United Kingdom,overview,2021-02-09,1100,739738,120000,3302,26800,1755,411812,3161,579266,906755
K02000001,United Kingdom,overview,2021-02-08,1100,740345,120000,3373,26914,1921,352480,3811,616718,887976
K02000001,United Kingdom,overview,2021-02-07,1100,740302,120000,3505,28383,1851,278988,862,584933,860838
K02000001,United Kingdom,overview,2021-02-06,1100,740611,120000,3572,29413,1894,549808,1662,454008,861445
K02000001,United Kingdom,overview,2021-02-05,1100,770305,120000,3628,30604,2006,494163,4064,671585,861402
K02000001,United Kingdom,overview,2021-02-04,1100,768851,120000,3635,31766,2142,480560,4036,783851,861711
K02000001,United Kingdom,overview,2021-02-03,1100,778967,120000,3726,32960,2360,469016,2995,801949,891405
K02000001,United Kingdom,overview,2021-02-02,1100,796690,120000,3687,32586,2484,374756,2166,606382,889951
K02000001,United Kingdom,overview,2021-02-01,1100,800097,120000,3806,33015,2602,350348,2587,643204,900067
K02000001,United Kingdom,overview,2021-01-31,1100,806463,120000,3832,33847,2409,319038,3156,574012,917790
K02000001,United Kingdom,overview,2021-01-30,1100,805634,120000,3918,34909,2470,598389,10621,439006,921197
K02000001,United Kingdom,overview,2021-01-29,1100,812225,120000,3937,35513,2687,487756,2178,662675,927563
K02000001,United Kingdom,overview,2021-01-28,1100,810972,120000,3961,37101,3046,414419,1769,753031,926734
K02000001,United Kingdom,overview,2021-01-27,1100,809470,120000,4032,37756,3060,312378,2329,771710,933325
K02000001,United Kingdom,overview,2021-01-26,3527,809428,120000,4077,37730,3151,311060,1710,596845,932072
K02000001,United Kingdom,overview,2021-01-25,3568,806988,120000,4066,37398,2932,279757,1968,542893,930570
K02000001,United Kingdom,overview,2021-01-24,4049,811656,120000,4076,38257,3112,220249,818,412204,932955
K02000001,United Kingdom,overview,2021-01-23,4859,810766,120000,3960,38059,3117,491970,1043,484485,930556
K02000001,United Kingdom,overview,2021-01-22,5563,811185,120000,3953,38739,3393,478248,1821,629416,935705
K02000001,United Kingdom,overview,2021-01-21,4359,813752,120000,3947,38846,3636,409855,2760,665330,935625
K02000001,United Kingdom,overview,2021-01-20,6632,810854,120000,3916,39254,4051,363508,3411,640856,936748
K02000001,United Kingdom,overview,2021-01-19,7745,799772,120000,3871,38169,4161,343163,3759,579194,938111
K02000001,United Kingdom,overview,2021-01-18,7494,802808,120000,3854,37715,4065,204076,4565,556689,937486
K02000001,United Kingdom,overview,2021-01-17,8691,802598,120000,3789,38132,3750,190107,2239,417329,927517
K02000001,United Kingdom,overview,2021-01-16,12031,795950,120000,3672,37691,3941,296131,2620,491137,930302
K02000001,United Kingdom,overview,2021-01-15,17375,801260,120000,3626,37487,3686,341317,4208,596727,931289
K02000001,United Kingdom,overview,2021-01-14,1100,799814,120000,3496,36981,4103,316694,5257,695148,927981
K02000001,United Kingdom,overview,2021-01-13,1100,793534,120000,3363,36751,4224,278943,9745,628556,938635
K02000001,United Kingdom,overview,2021-01-12,1100,784972,120000,3264,35391,4582,207661,16065,584760,920914
K02000001,United Kingdom,overview,2021-01-11,1100,786910,120000,3145,34032,4309,145076,20768,536947,914634
K02000001,United Kingdom,overview,2021-01-10,1100,779418,120000,3098,33778,3937,,,485874,906072
K02000001,United Kingdom,overview,2021-01-09,1100,776382,120000,2929,32583,4128,,,567302,908010
K02000001,United Kingdom,overview,2021-01-08,1100,768882,120000,2821,31946,3999,,,680215,900518
K02000001,United Kingdom,overview,2021-01-07,1100,774238,120000,2645,30686,4295,,,619941,897482
K02000001,United Kingdom,overview,2021-01-06,1100,760952,120000,2560,30775,4391,,,557441,889982
K02000001,United Kingdom,overview,2021-01-05,1100,753753,120000,2420,29033,4118,,,498624,895338
K02000001,United Kingdom,overview,2021-01-04,1100,758004,120000,2256,27561,3936,,,464611,882052
K02000001,United Kingdom,overview,2021-01-03,1100,710006,120000,2162,26389,3649,,,428770,874853
K02000001,United Kingdom,overview,2021-01-02,1100,720746,120000,2122,26578,3441,,,411523,879104
K02000001,United Kingdom,overview,2021-01-01,1100,721514,120000,2066,26551,3369,,,422804,831106
K02000001,United Kingdom,overview,2020-12-31,1100,738114,120000,1939,25549,2921,,,482473,841846
K02000001,United Kingdom,overview,2020-12-30,1100,755406,120000,1847,24049,3294,,,420492,842614
K02000001,United Kingdom,overview,2020-12-29,1100,748622,120000,1751,22764,3252,,,344775,859214
K02000001,United Kingdom,overview,2020-12-28,1100,719216,120000,1682,21730,3134,,,357238,876506
K02000001,United Kingdom,overview,2020-12-27,1100,700306,120000,1616,20918,2871,,,352702,869722
K02000001,United Kingdom,overview,2020-12-26,1100,719971,120000,1607,21577,2530,,,269876,840316
K02000001,United Kingdom,overview,2020-12-25,1100,711264,120000,1554,21222,2181,,,339024,821406
K02000001,United Kingdom,overview,2020-12-24,1100,715114,120000,1529,21488,2082,,,463123,841071
K02000001,United Kingdom,overview,2020-12-23,1100,682894,120000,1512,21133,2279,,,509507,832364
K02000001,United Kingdom,overview,2020-12-22,1100,663550,120000,1442,20004,2481,,,453903,836214
K02000001,United Kingdom,overview,2020-12-21,1100,646636,120000,1412,19463,2370,,,423675,803994
K02000001,United Kingdom,overview,2020-12-20,1100,572780,120000,1364,19117,2170,,,433470,784650
K02000001,United Kingdom,overview,2020-12-19,1100,584280,120000,1366,18970,2045,,,440584,767736
K02000001,United Kingdom,overview,2020-12-18,1100,549480,120000,1340,18671,1921,,,390130,693880
K02000001,United Kingdom,overview,2020-12-17,1100,533964,120000,1326,18216,2144,,,375185,705380
K02000001,United Kingdom,overview,2020-12-16,1100,552810,120000,1288,18246,2082,,,364388,670580
K02000001,United Kingdom,overview,2020-12-15,1100,542366,120000,1281,17538,1958,,,304360,655064
K02000001,United Kingdom,overview,2020-12-14,1100,542836,120000,1243,16909,1956,,,275772,673910
K02000001,United Kingdom,overview,2020-12-13,1100,537163,120000,1275,16885,1754,,,312273,663466
K02000001,United Kingdom,overview,2020-12-12,1100,536978,120000,1267,16723,1799,,,358491,663936
K02000001,United Kingdom,overview,2020-12-11,1100,552186,120000,1243,16331,1689,,,391531,658263
K02000001,United Kingdom,overview,2020-12-10,1100,559686,120000,1272,16477,1754,,,400646,658078
K02000001,United Kingdom,overview,2020-12-09,1100,561716,120000,1271,16415,1757,,,369586,673286
K02000001,United Kingdom,overview,2020-12-08,1100,555960,120000,1249,15960,1784,,,294966,680786
K02000001,United Kingdom,overview,2020-12-07,1373,561836,120000,1247,15688,1663,,,215981,682816
K02000001,United Kingdom,overview,2020-12-06,4543,560589,120000,1274,15727,1471,,,272787,677060
K02000001,United Kingdom,overview,2020-12-05,5240,578098,120000,1261,15658,1378,,,354799,683209
K02000001,United Kingdom,overview,2020-12-04,5262,578287,120000,1315,15977,1432,,,380886,685132
K02000001,United Kingdom,overview,2020-12-03,5923,578137,120000,1351,16312,1502,,,389476,703338
K02000001,United Kingdom,overview,2020-12-02,7080,568415,120000,1357,16565,1486,,,352990,703549
K02000001,United Kingdom,overview,2020-12-01,1100,541159,120000,1387,16313,1493,,,312003,704060
K02000001,United Kingdom,overview,2020-11-30,1100,536262,120000,1378,15985,1406,,,214835,695495
K02000001,United Kingdom,overview,2020-11-29,1100,534326,120000,1417,16571,1389,,,219899,662259
K02000001,United Kingdom,overview,2020-11-28,1100,533800,120000,1456,16762,1221,,,311126,657362
K02000001,United Kingdom,overview,2020-11-27,1100,534125,120000,1480,17132,1280,,,333917,655426
K02000001,United Kingdom,overview,2020-11-26,1100,528125,120000,1489,17424,1426,,,383521,654900
K02000001,United Kingdom,overview,2020-11-25,1100,525856,120000,1487,17680,1614,,,356026,655225
K02000001,United Kingdom,overview,2020-11-24,1100,535906,120000,1454,17264,1499,,,311763,649225
K02000001,United Kingdom,overview,2020-11-23,1100,538088,120000,1447,17063,1588,,,212533,646956
K02000001,United Kingdom,overview,2020-11-22,1100,537326,120000,1422,17184,1492,,,279041,657006
K02000001,United Kingdom,overview,2020-11-21,1100,537771,120000,1426,17459,1461,,,369040,659188
K02000001,United Kingdom,overview,2020-11-20,1100,536471,120000,1430,17486,1553,,,391667,658426
K02000001,United Kingdom,overview,2020-11-19,1100,529691,120000,1420,17439,1687,,,395436,658871
K02000001,United Kingdom,overview,2020-11-18,1100,519417,120000,1391,17313,1786,,,364490,657571
K02000001,United Kingdom,overview,2020-11-17,1100,504595,120000,1397,16864,1719,,,283358,650791
K02000001,United Kingdom,overview,2020-11-16,1100,514418,120000,1365,16299,1771,,,234189,640517
K02000001,United Kingdom,overview,2020-11-15,1100,520135,120000,1355,16236,1675,,,283866,625695
K02000001,United Kingdom,overview,2020-11-14,1100,519951,120000,1275,15879,1616,,,343784,635518
K02000001,United Kingdom,overview,2020-11-13,1100,518957,120000,1268,15666,1651,,,382110,641235
K02000001,United Kingdom,overview,2020-11-12,1100,511451,120000,1219,14964,1916,,,379955,641051
K02000001,United Kingdom,overview,2020-11-11,1100,504491,120000,1271,15141,1972,,,377608,640057
K02000001,United Kingdom,overview,2020-11-10,1100,517957,120000,1232,14546,1856,,,304843,632551
K02000001,United Kingdom,overview,2020-11-09,1100,527761,120000,1207,14314,1768,,,243245,625591
K02000001,United Kingdom,overview,2020-11-08,1100,530046,120000,1187,13958,1692,,,283397,639057
K02000001,United Kingdom,overview,2020-11-07,1944,529268,120000,1183,13796,1560,,,329430,648861
K02000001,United Kingdom,overview,2020-11-06,5877,523468,120000,1193,13817,1418,,,355032,651146
K02000001,United Kingdom,overview,2020-11-05,3599,523868,120000,1144,13749,1591,,,344159,651212
K02000001,United Kingdom,overview,2020-11-04,8782,513334,120000,1075,13105,1688,,,301288,649345
K02000001,United Kingdom,overview,2020-11-03,11863,509007,120000,979,12230,1527,,,265136,647467
K02000001,United Kingdom,overview,2020-11-02,7093,519289,120000,1003,12310,1574,,,207831,642116
K02000001,United Kingdom,overview,2020-11-01,6949,472592,120000,979,11788,1498,,,270473,640870
K02000001,United Kingdom,overview,2020-10-31,13082,468979,120000,974,11583,1462,,,292573,646382
K02000001,United Kingdom,overview,2020-10-30,9543,459069,120000,957,11434,1386,,,305207,599541
K02000001,United Kingdom,overview,2020-10-29,7167,433474,120000,903,10938,1592,,,347632,602061
K02000001,United Kingdom,overview,2020-10-28,19511,427312,120000,853,10108,1494,,,308810,588612
K02000001,United Kingdom,overview,2020-10-27,14932,364164,120000,828,9786,1499,,,280997,560641
K02000001,United Kingdom,overview,2020-10-26,14193,361246,120000,788,9262,1541,,,261861,566823
K02000001,United Kingdom,overview,2020-10-25,13580,356668,120000,744,8886,1425,,,321114,499096
K02000001,United Kingdom,overview,2020-10-24,14999,347674,120000,708,8311,1262,,,317896,495439
K02000001,United Kingdom,overview,2020-10-23,14041,367108,120000,712,8132,1299,,,346682,490248
K02000001,United Kingdom,overview,2020-10-22,10059,364574,120000,698,7852,1284,,,340137,482673
K02000001,United Kingdom,overview,2020-10-21,4001,359220,120000,658,7334,1264,,,310331,501149
K02000001,United Kingdom,overview,2020-10-20,1100,330370,120000,630,6829,1194,,,279996,494633
K02000001,United Kingdom,overview,2020-10-19,1100,327668,120000,614,6545,1108,,,260338,483221
K02000001,United Kingdom,overview,2020-10-18,1100,328461,120000,592,6296,1091,,,306893,451470
K02000001,United Kingdom,overview,2020-10-17,1100,323006,120000,581,5933,1032,,,308416,448768
K02000001,United Kingdom,overview,2020-10-16,1100,345135,120000,563,5598,925,,,312178,449561
K02000001,United Kingdom,overview,2020-10-15,1100,344426,120000,516,5293,1047,,,304315,444106
K02000001,United Kingdom,overview,2020-10-14,1100,344159,120000,507,4959,989,,,295690,466235
K02000001,United Kingdom,overview,2020-10-13,1100,309921,120000,477,4670,1031,,,264713,465526
K02000001,United Kingdom,overview,2020-10-12,1100,308630,120000,469,4358,889,,,219074,465259
K02000001,United Kingdom,overview,2020-10-11,1461,306630,120000,440,4170,824,,,258955,431021
K02000001,United Kingdom,overview,2020-10-10,1545,313399,120000,436,4085,724,,,279606,429730
K02000001,United Kingdom,overview,2020-10-09,5571,303164,120000,442,3893,708,,,296559,428091
K02000001,United Kingdom,overview,2020-10-08,4203,303070,120000,410,3642,714,,,285015,434944
K02000001,United Kingdom,overview,2020-10-07,12315,302587,120000,393,3370,694,,,254579,428735
K02000001,United Kingdom,overview,2020-10-06,4703,298547,120000,369,3056,725,,,261336,427273
K02000001,United Kingdom,overview,2020-10-05,10171,295497,120000,369,2867,630,,,273100,434902
K02000001,United Kingdom,overview,2020-10-04,9831,297149,120000,369,2723,633,,,250348,423250
K02000001,United Kingdom,overview,2020-10-03,14689,296699,120000,341,2592,533,,,286802,425668
K02000001,United Kingdom,overview,2020-10-02,13532,310993,120000,333,2530,529,,,269820,426980
K02000001,United Kingdom,overview,2020-10-01,9013,288899,120000,314,2420,529,,,264979,431388
K02000001,United Kingdom,overview,2020-09-30,17194,287690,120000,297,2399,452,,,255915,444525
K02000001,United Kingdom,overview,2020-09-29,22684,268815,120000,276,2188,442,,,232212,417912
K02000001,United Kingdom,overview,2020-09-28,12079,270097,120000,261,2033,445,,,227038,424884
K02000001,United Kingdom,overview,2020-09-27,14766,270921,120000,262,2020,343,,,263526,411499
K02000001,United Kingdom,overview,2020-09-26,11790,270965,120000,243,1846,351,,,255488,402176
K02000001,United Kingdom,overview,2020-09-25,14363,263971,120000,228,1730,382,,,288701,405687
K02000001,United Kingdom,overview,2020-09-24,9345,258877,120000,211,1636,425,,,262109,402755
K02000001,United Kingdom,overview,2020-09-23,7532,263689,120000,181,1558,424,,,259221,398334
K02000001,United Kingdom,overview,2020-09-22,1100,257377,120000,165,1398,352,,,234815,388222
K02000001,United Kingdom,overview,2020-09-21,1100,255570,120000,144,1300,373,,,206782,391221
K02000001,United Kingdom,overview,2020-09-20,1100,255949,120000,138,1221,289,,,234786,378477
K02000001,United Kingdom,overview,2020-09-19,1100,253521,120000,127,1162,261,,,250954,376670
K02000001,United Kingdom,overview,2020-09-18,1100,252911,120000,124,1106,263,,,266308,377049
K02000001,United Kingdom,overview,2020-09-17,1100,242911,120000,115,1066,265,,,240202,374621
K02000001,United Kingdom,overview,2020-09-16,11100,242817,120000,105,982,285,,,242273,374011
K02000001,United Kingdom,overview,2020-09-15,1100,231921,120000,92,843,271,,,236827,364011
K02000001,United Kingdom,overview,2020-09-14,1100,232015,120000,86,812,258,,,216526,373917
K02000001,United Kingdom,overview,2020-09-13,1200,234857,120000,143,770,226,,,225380,353021
K02000001,United Kingdom,overview,2020-09-12,2100,234817,120000,78,944,218,,,228748,353115
K02000001,United Kingdom,overview,2020-09-11,11100,243817,120000,80,924,232,,,241650,356057
K02000001,United Kingdom,overview,2020-09-10,1100,243817,120000,80,894,219,,,233125,356917
K02000001,United Kingdom,overview,2020-09-09,11100,238763,120000,77,902,203,,,220626,374917
K02000001,United Kingdom,overview,2020-09-08,11100,226773,120000,69,817,187,,,202809,364917
K02000001,United Kingdom,overview,2020-09-07,11100,221867,120000,67,812,147,,,201965,369863
K02000001,United Kingdom,overview,2020-09-06,11100,221149,120000,69,818,139,,,192892,357873
K02000001,United Kingdom,overview,2020-09-05,13600,221337,120000,76,817,131,,,189054,352967
K02000001,United Kingdom,overview,2020-09-04,13600,238837,120000,81,803,155,,,202893,352249
K02000001,United Kingdom,overview,2020-09-03,11100,238837,120000,82,861,146,,,198603,354937
K02000001,United Kingdom,overview,2020-09-02,11100,239222,120000,71,854,147,,,196734,372437
K02000001,United Kingdom,overview,2020-09-01,11100,217768,120000,68,831,135,,,171339,369937
K02000001,United Kingdom,overview,2020-08-31,11100,217902,120000,66,833,90,,,180368,370322
K02000001,United Kingdom,overview,2020-08-30,11100,221034,120000,60,818,77,,,181038,348868
K02000001,United Kingdom,overview,2020-08-29,13600,221059,120000,71,840,110,,,180033,349002
K02000001,United Kingdom,overview,2020-08-28,13600,221059,120000,64,829,137,,,188974,352134
K02000001,United Kingdom,overview,2020-08-27,11100,218059,120000,68,844,153,,,194522,354659
K02000001,United Kingdom,overview,2020-08-26,11100,217965,120000,68,876,133,,,206143,354659
K02000001,United Kingdom,overview,2020-08-25,11100,199793,120000,72,870,122,,,179602,349159
K02000001,United Kingdom,overview,2020-08-24,1100,199887,120000,71,943,93,,,147940,349065
K02000001,United Kingdom,overview,2020-08-23,1100,210065,120000,72,888,74,,,165455,330893
K02000001,United Kingdom,overview,2020-08-22,3600,210079,120000,76,909,73,,,177279,320987
K02000001,United Kingdom,overview,2020-08-21,3600,208079,120000,70,924,109,,,181878,331165
K02000001,United Kingdom,overview,2020-08-20,1100,203402,120000,73,953,98,,,174250,333679
K02000001,United Kingdom,overview,2020-08-19,1100,203308,120000,73,982,117,,,181358,331679
K02000001,United Kingdom,overview,2020-08-18,1100,204986,120000,78,979,131,,,157194,324502
K02000001,United Kingdom,overview,2020-08-17,1100,203227,120000,76,974,98,,,146264,324408
K02000001,United Kingdom,overview,2020-08-16,1100,204942,120000,73,995,80,,,168144,326086
K02000001,United Kingdom,overview,2020-08-15,3600,207046,120000,75,1008,99,,,180197,324327
K02000001,United Kingdom,overview,2020-08-14,3600,210046,120000,80,1004,103,,,170441,326042
K02000001,United Kingdom,overview,2020-08-13,1100,210046,120000,73,1039,130,,,163470,330646
K02000001,United Kingdom,overview,2020-08-12,7100,209952,120000,70,1087,101,,,176489,333646
K02000001,United Kingdom,overview,2020-08-11,10100,206989,120000,65,983,115,,,157558,331146
K02000001,United Kingdom,overview,2020-08-10,10100,205227,120000,62,1027,88,,,152498,337052
K02000001,United Kingdom,overview,2020-08-09,10100,207942,120000,67,1094,107,,,162990,337089
K02000001,United Kingdom,overview,2020-08-08,12600,210631,120000,69,1155,141,,,160651,335327
K02000001,United Kingdom,overview,2020-08-07,12600,208631,120000,73,1200,116,,,173213,338042
K02000001,United Kingdom,overview,2020-08-06,10100,208631,120000,76,1216,102,,,174833,343231
K02000001,United Kingdom,overview,2020-08-05,10100,208497,120000,77,1251,141,,,161111,341231
K02000001,United Kingdom,overview,2020-08-04,10100,208313,120000,85,1254,129,,,150265,338731
K02000001,United Kingdom,overview,2020-08-03,10100,206212,120000,92,1290,110,,,144999,338597
K02000001,United Kingdom,overview,2020-08-02,10100,215057,120000,86,1266,95,,,145568,338413
K02000001,United Kingdom,overview,2020-08-01,12600,211803,120000,84,1314,127,,,146011,336312
K02000001,United Kingdom,overview,2020-07-31,12600,211803,120000,87,1350,115,,,164748,345157
K02000001,United Kingdom,overview,2020-07-30,10100,211803,120000,93,1369,134,,,170027,344403
K02000001,United Kingdom,overview,2020-07-29,10100,209709,120000,97,1370,133,,,157439,344403
K02000001,United Kingdom,overview,2020-07-28,10100,208485,120000,92,1383,119,,,147818,341903
K02000001,United Kingdom,overview,2020-07-27,10100,206702,120000,93,1401,131,,,89565,339809
K02000001,United Kingdom,overview,2020-07-26,1100,209547,120000,104,1453,109,,,111801,338585
K02000001,United Kingdom,overview,2020-07-25,3600,206426,120000,111,1538,119,,,139062,336802
K02000001,United Kingdom,overview,2020-07-24,3600,206426,120000,110,1747,158,,,147292,330647
K02000001,United Kingdom,overview,2020-07-23,1100,206426,120000,137,1634,200,,,141117,330026
K02000001,United Kingdom,overview,2020-07-22,1100,206332,120000,129,1734,158,,,137234,330026
K02000001,United Kingdom,overview,2020-07-21,1100,197729,120000,131,1742,127,,,132626,327526
K02000001,United Kingdom,overview,2020-07-20,1100,196351,120000,137,1776,131,,,92518,327432
K02000001,United Kingdom,overview,2020-07-19,1100,198606,120000,143,1804,126,,,114222,318829
K02000001,United Kingdom,overview,2020-07-18,3600,203277,120000,142,1829,105,,,135779,317451
K02000001,United Kingdom,overview,2020-07-17,8600,221270,120000,153,1974,144,,,164440,319706
K02000001,United Kingdom,overview,2020-07-16,6100,219770,120000,145,1993,167,,,150975,326877
K02000001,United Kingdom,overview,2020-07-15,6100,213655,120000,162,2113,166,,,137828,349870
K02000001,United Kingdom,overview,2020-07-14,6100,211526,120000,159,2101,187,,,118186,345870
K02000001,United Kingdom,overview,2020-07-13,7520,209001,120000,168,2119,189,,,85880,339755
K02000001,United Kingdom,overview,2020-07-12,17520,211134,120000,191,2244,114,,,94700,337626
K02000001,United Kingdom,overview,2020-07-11,20020,215683,120000,188,2345,177,,,126549,336521
K02000001,United Kingdom,overview,2020-07-10,20020,210683,120000,185,2454,175,,,134030,348654
K02000001,United Kingdom,overview,2020-07-09,17520,213683,120000,197,2598,215,,,137861,355703
K02000001,United Kingdom,overview,2020-07-08,16520,212589,120000,209,2699,208,,,127389,350703
K02000001,United Kingdom,overview,2020-07-07,11520,199593,100000,217,2741,215,,,106977,351203
K02000001,United Kingdom,overview,2020-07-06,11520,198001,100000,221,2802,205,,,77469,349109
K02000001,United Kingdom,overview,2020-07-05,11520,200134,100000,231,2942,196,,,92774,311113
K02000001,United Kingdom,overview,2020-07-04,14020,202495,100000,239,3079,203,,,114274,309521
K02000001,United Kingdom,overview,2020-07-03,14020,201919,100000,259,3198,214,,,139218,311654
K02000001,United Kingdom,overview,2020-07-02,11520,201919,100000,279,3383,217,,,136186,316515
K02000001,United Kingdom,overview,2020-07-01,11520,205635,100000,262,3748,269,,,123348,315939
K02000001,United Kingdom,overview,2020-06-30,11420,202838,80000,270,3557,296,,,112164,313439
K02000001,United Kingdom,overview,2020-06-29,11420,199026,80000,270,3544,221,,,75662,317155
K02000001,United Kingdom,overview,2020-06-28,11420,201729,80000,268,3620,209,,,83157,294258
K02000001,United Kingdom,overview,2020-06-27,11420,201541,80000,276,3850,287,,,100631,290446
K02000001,United Kingdom,overview,2020-06-26,13920,200983,80000,316,4030,339,,,105971,293149
K02000001,United Kingdom,overview,2020-06-25,13920,200999,80000,311,4134,325,,,108124,292961
K02000001,United Kingdom,overview,2020-06-24,11420,203022,80000,340,4281,369,,,91135,294903
K02000001,United Kingdom,overview,2020-06-23,1420,201078,80000,310,4222,363,,,73646,294919
K02000001,United Kingdom,overview,2020-06-22,1420,201172,80000,346,4252,395,,,63026,294442
K02000001,United Kingdom,overview,2020-06-21,1420,199216,80000,330,4414,288,,,60484,282498
K02000001,United Kingdom,overview,2020-06-20,1420,198609,80000,352,4560,257,,,83467,282592
K02000001,United Kingdom,overview,2020-06-19,1420,198609,80000,357,4719,336,,,90547,280636
K02000001,United Kingdom,overview,2020-06-18,1420,198609,80000,378,4863,405,,,89613,280029
K02000001,United Kingdom,overview,2020-06-17,1420,202327,80000,385,4870,432,,,86438,280029
K02000001,United Kingdom,overview,2020-06-16,1420,200120,40000,393,4908,456,,,80862,280029
K02000001,United Kingdom,overview,2020-06-15,1420,200214,40000,390,4941,440,,,71402,283747
K02000001,United Kingdom,overview,2020-06-14,1420,188234,40000,393,5090,364,,,69529,241540
K02000001,United Kingdom,overview,2020-06-13,1420,188704,40000,390,5179,387,,,98974,241634
K02000001,United Kingdom,overview,2020-06-12,2000,187704,40000,439,5475,394,,,98899,229654
K02000001,United Kingdom,overview,2020-06-11,2000,187704,40000,491,5736,446,,,101778,230124
K02000001,United Kingdom,overview,2020-06-10,1000,184742,40000,509,5931,512,,,101033,229704
K02000001,United Kingdom,overview,2020-06-09,1000,186455,40000,515,5944,494,,,93959,229704
K02000001,United Kingdom,overview,2020-06-08,1000,186549,40000,540,6149,412,,,69999,225742
K02000001,United Kingdom,overview,2020-06-07,1000,188912,40000,554,6379,407,,,86926,227455
K02000001,United Kingdom,overview,2020-06-06,1000,179536,40000,571,6580,407,,,93154,227549
K02000001,United Kingdom,overview,2020-06-05,1000,179307,40000,602,6815,475,,,101961,229912
K02000001,United Kingdom,overview,2020-06-04,1000,179307,40000,636,7087,566,,,99484,220536
K02000001,United Kingdom,overview,2020-06-03,1000,179213,40000,652,7248,634,,,101885,220307
K02000001,United Kingdom,overview,2020-06-02,1000,166540,40000,679,7238,668,,,92299,220307
K02000001,United Kingdom,overview,2020-06-01,1000,164634,40000,704,7268,604,,,70648,220213
K02000001,United Kingdom,overview,2020-05-31,1000,165443,40000,719,7586,529,,,82243,207540
K02000001,United Kingdom,overview,2020-05-30,1000,163255,,751,7907,568,,,96995,205634
K02000001,United Kingdom,overview,2020-05-29,1000,161164,,783,8220,615,,,105459,206443
K02000001,United Kingdom,overview,2020-05-28,1050,160164,,847,8732,703,,,101753,164255
K02000001,United Kingdom,overview,2020-05-27,11050,143070,,863,8836,712,,,82670,162164
K02000001,United Kingdom,overview,2020-05-26,11050,128853,,886,8814,698,,,77745,161214
K02000001,United Kingdom,overview,2020-05-25,11050,123691,,928,8814,603,,,78385,154120
K02000001,United Kingdom,overview,2020-05-24,11050,125421,,964,9184,587,,,59464,139903
K02000001,United Kingdom,overview,2020-05-23,11050,127612,,1008,9293,643,,,91841,134741
K02000001,United Kingdom,overview,2020-05-22,11100,124855,,1034,9563,740,,,91196,136471
K02000001,United Kingdom,overview,2020-05-21,11100,118867,,1106,10013,841,,,105655,138662
K02000001,United Kingdom,overview,2020-05-20,11100,116867,,1141,10231,851,,,86634,135955
K02000001,United Kingdom,overview,2020-05-19,11000,118822,,1196,10199,881,,,86041,129967
K02000001,United Kingdom,overview,2020-05-18,1000,117822,,1234,10238,850,,,70074,127967
K02000001,United Kingdom,overview,2020-05-17,1000,128203,,1337,10691,793,,,81278,129822
K02000001,United Kingdom,overview,2020-05-16,1000,127498,,1314,10921,813,,,91360,118822
K02000001,United Kingdom,overview,2020-05-15,1000,125400,,1342,11342,871,,,91342,129203
K02000001,United Kingdom,overview,2020-05-14,1000,116982,,1414,11591,909,,,84693,128498
K02000001,United Kingdom,overview,2020-05-13,1000,109670,,1485,11967,966,,,83182,126400
K02000001,United Kingdom,overview,2020-05-12,1000,107356,,1538,11727,983,,,74593,117982
K02000001,United Kingdom,overview,2020-05-11,1000,95106,,1585,12015,1029,,,70332,110670
K02000001,United Kingdom,overview,2020-05-10,1000,89170,,1642,12053,916,,,76507,108356
K02000001,United Kingdom,overview,2020-05-09,1000,101321,,1685,12626,944,,,77152,96106
K02000001,United Kingdom,overview,2020-05-08,1000,99921,,1802,13148,910,,,76963,90170
K02000001,United Kingdom,overview,2020-05-07,1000,99454,,1874,13723,1166,,,77466,102321
K02000001,United Kingdom,overview,2020-05-06,1000,93248,,1936,14097,1206,,,74455,100921
K02000001,United Kingdom,overview,2020-05-05,1000,107108,,2009,14188,1146,,,66919,100454
K02000001,United Kingdom,overview,2020-05-04,1000,107024,,2068,14380,1249,,,72630,94248
K02000001,United Kingdom,overview,2020-05-03,1000,120979,,2178,14723,1188,,,68203,108108
K02000001,United Kingdom,overview,2020-05-02,700,121715,,2224,15164,1181,,,63559,108024
K02000001,United Kingdom,overview,2020-05-01,700,85865,,2286,15521,1263,,,74142,121979
K02000001,United Kingdom,overview,2020-04-30,700,76665,,2353,15877,1442,,,83143,122415
K02000001,United Kingdom,overview,2020-04-29,700,72700,,2460,16662,1488,,,65643,86565
K02000001,United Kingdom,overview,2020-04-28,500,51762,,2580,16555,1518,,,45263,77365
K02000001,United Kingdom,overview,2020-04-27,500,53392,,2702,16604,1538,,,31453,73400
K02000001,United Kingdom,overview,2020-04-26,500,49362,,2703,17063,1355,,,31610,52262
K02000001,United Kingdom,overview,2020-04-25,500,53367,,2867,17867,1253,,,29058,53892
K02000001,United Kingdom,overview,2020-04-24,500,50621,,2964,18533,1525,,,28225,49862
K02000001,United Kingdom,overview,2020-04-23,500,47773,,3036,19139,1514,,,28024,53867
K02000001,United Kingdom,overview,2020-04-22,500,40898,,3130,19331,1529,,,23073,51121
K02000001,United Kingdom,overview,2020-04-21,500,39898,,3176,19574,1712,,,22763,48273
K02000001,United Kingdom,overview,2020-04-20,500,35898,,3247,19456,1734,,,,41398
K02000001,United Kingdom,overview,2020-04-19,500,34308,,3162,19330,1657,,,,40398
K02000001,United Kingdom,overview,2020-04-18,500,38608,,3222,20389,1629,,,,36398
K02000001,United Kingdom,overview,2020-04-17,500,38266,,3228,20582,1967,,,,34808
K02000001,United Kingdom,overview,2020-04-16,500,35071,,3234,21281,2011,,,,39108
K02000001,United Kingdom,overview,2020-04-15,500,32671,,3277,21308,1880,,,,38766
K02000001,United Kingdom,overview,2020-04-14,500,27447,,3301,21687,2088,,,,35571
K02000001,United Kingdom,overview,2020-04-13,500,27447,,3274,21254,2163,,,,33171
K02000001,United Kingdom,overview,2020-04-12,500,26057,,3228,21280,2066,,,,27947
K02000001,United Kingdom,overview,2020-04-11,500,26557,,2963,21005,2163,,,,27947
K02000001,United Kingdom,overview,2020-04-10,,24469,,2967,20740,2463,,,,26557
K02000001,United Kingdom,overview,2020-04-09,,18149,,2864,20234,2629,,,,27057
K02000001,United Kingdom,overview,2020-04-08,,18049,,2644,19493,2967,,,,24469
K02000001,United Kingdom,overview,2020-04-07,,15699,,2469,18855,3150,,,,18149
K02000001,United Kingdom,overview,2020-04-06,,15699,,2309,17502,3046,,,,18049
K02000001,United Kingdom,overview,2020-04-05,,15499,,2120,15546,2916,,,,15699
K02000001,United Kingdom,overview,2020-04-04,,15499,,1813,13875,2922,,,,15699
K02000001,United Kingdom,overview,2020-04-03,,15499,,,13637,2930,,,,15499
K02000001,United Kingdom,overview,2020-04-02,,15499,,,12597,3286,,,,15499
K02000001,United Kingdom,overview,2020-04-01,,12799,,,11093,3567,,,,15499
K02000001,United Kingdom,overview,2020-03-31,,12799,,,9525,2832,,,,15499
K02000001,United Kingdom,overview,2020-03-30,,10949,,,8278,3192,,,,12799
K02000001,United Kingdom,overview,2020-03-29,,10949,,,7267,2489,,,,12799
K02000001,United Kingdom,overview,2020-03-28,,10949,,,,2192,,,,10949
K02000001,United Kingdom,overview,2020-03-27,,10949,,,,2229,,,,10949
K02000001,United Kingdom,overview,2020-03-26,,10949,,,,1930,,,,10949
K02000001,United Kingdom,overview,2020-03-25,,10949,,,,2085,,,,10949
K02000001,United Kingdom,overview,2020-03-24,,10949,,,,1718,,,,10949
K02000001,United Kingdom,overview,2020-03-23,,6127,,,,1274,,,,10949
K02000001,United Kingdom,overview,2020-03-22,,6127,,,,,,,,10949
