areaCode,areaName,areaType,date,capacityPillarFour,capacityPillarOneTwo,capacityPillarThree,covidOccupiedMVBeds,hospitalCases
K02000001,United Kingdom,overview,2021-11-25,5042,713833,120000,925,7633
K02000001,United Kingdom,overview,2021-11-24,2400,713793,120000,928,7654
K02000001,United Kingdom,overview,2021-11-23,2400,711633,120000,919,7903
K02000001,United Kingdom,overview,2021-11-22,2400,661213,120000,928,8123
K02000001,United Kingdom,overview,2021-11-21,2400,656133,120000,913,8029
K02000001,United Kingdom,overview,2021-11-20,2400,650473,120000,908,7933
K02000001,United Kingdom,overview,2021-11-19,2400,684143,120000,911,8058
K02000001,United Kingdom,overview,2021-11-18,2400,673424,120000,923,8110
K02000001,United Kingdom,overview,2021-11-17,2400,666644,120000,935,8211
K02000001,United Kingdom,overview,2021-11-16,2400,682424,120000,938,8461
K02000001,United Kingdom,overview,2021-11-15,2400,682734,120000,968,8740
K02000001,United Kingdom,overview,2021-11-14,2400,830704,120000,979,8584
K02000001,United Kingdom,overview,2021-11-13,2400,830634,120000,974,8500
K02000001,United Kingdom,overview,2021-11-12,2400,830674,120000,989,8636
K02000001,United Kingdom,overview,2021-11-11,2400,830481,120000,999,8731
K02000001,United Kingdom,overview,2021-11-10,2400,826671,120000,1008,8883
K02000001,United Kingdom,overview,2021-11-09,2409,826571,120000,1023,8956
K02000001,United Kingdom,overview,2021-11-08,2513,861350,120000,1026,9007
K02000001,United Kingdom,overview,2021-11-07,3033,861370,120000,1012,8859
K02000001,United Kingdom,overview,2021-11-06,2400,861510,120000,1018,8839
K02000001,United Kingdom,overview,2021-11-05,5451,858270,120000,1026,9085
K02000001,United Kingdom,overview,2021-11-04,7078,861609,120000,1034,9286
K02000001,United Kingdom,overview,2021-11-03,20919,861219,120000,1019,9433
K02000001,United Kingdom,overview,2021-11-02,8126,861339,120000,1024,9650
K02000001,United Kingdom,overview,2021-11-01,2789,861299,120000,1030,9667
K02000001,United Kingdom,overview,2021-10-31,3345,873559,120000,980,9423
K02000001,United Kingdom,overview,2021-10-30,10860,869529,120000,968,9268
K02000001,United Kingdom,overview,2021-10-29,18114,859489,120000,962,9217
K02000001,United Kingdom,overview,2021-10-28,11430,859504,120000,944,9122
K02000001,United Kingdom,overview,2021-10-27,19443,860524,120000,945,9044
K02000001,United Kingdom,overview,2021-10-26,4789,858974,120000,952,8940
K02000001,United Kingdom,overview,2021-10-25,2846,859074,120000,913,8824
K02000001,United Kingdom,overview,2021-10-24,4751,856974,120000,885,8501
K02000001,United Kingdom,overview,2021-10-23,7587,858254,120000,869,8332
K02000001,United Kingdom,overview,2021-10-22,4467,861834,120000,889,8339
K02000001,United Kingdom,overview,2021-10-21,6368,862727,120000,892,8356
K02000001,United Kingdom,overview,2021-10-20,2400,862727,120000,872,8262
K02000001,United Kingdom,overview,2021-10-19,2400,871307,120000,851,8006
K02000001,United Kingdom,overview,2021-10-18,2400,866597,120000,826,7857
K02000001,United Kingdom,overview,2021-10-17,2400,862157,120000,819,7489
K02000001,United Kingdom,overview,2021-10-16,2400,874027,120000,805,7218
K02000001,United Kingdom,overview,2021-10-15,2400,877617,120000,791,7192
K02000001,United Kingdom,overview,2021-10-14,2400,907023,120000,783,7180
K02000001,United Kingdom,overview,2021-10-13,2400,906733,120000,781,7122
K02000001,United Kingdom,overview,2021-10-12,2400,821263,120000,780,7108
K02000001,United Kingdom,overview,2021-10-11,2400,831503,120000,747,7080
K02000001,United Kingdom,overview,2021-10-10,2400,900963,120000,744,6926
K02000001,United Kingdom,overview,2021-10-09,2400,885883,120000,768,6754
K02000001,United Kingdom,overview,2021-10-08,2400,875813,120000,780,6810
K02000001,United Kingdom,overview,2021-10-07,2400,868549,120000,808,6832
K02000001,United Kingdom,overview,2021-10-06,2400,868329,120000,807,6883
K02000001,United Kingdom,overview,2021-10-05,2400,841279,120000,800,6898
K02000001,United Kingdom,overview,2021-10-04,2400,863329,120000,769,6822
K02000001,United Kingdom,overview,2021-10-03,2400,845149,120000,778,6632
K02000001,United Kingdom,overview,2021-10-02,2400,830619,120000,764,6475
K02000001,United Kingdom,overview,2021-10-01,2670,851239,120000,805,6623
K02000001,United Kingdom,overview,2021-09-30,3372,845015,120000,815,6792
K02000001,United Kingdom,overview,2021-09-29,7358,830625,120000,813,6936
K02000001,United Kingdom,overview,2021-09-28,5561,840695,120000,826,7050
K02000001,United Kingdom,overview,2021-09-27,4640,884915,120000,831,7067
K02000001,United Kingdom,overview,2021-09-26,7141,880945,120000,839,6836
K02000001,United Kingdom,overview,2021-09-25,8063,876735,120000,874,6975
K02000001,United Kingdom,overview,2021-09-24,9042,871585,120000,878,6929
K02000001,United Kingdom,overview,2021-09-23,10667,864675,120000,916,7180
K02000001,United Kingdom,overview,2021-09-22,12643,873595,120000,939,7430
K02000001,United Kingdom,overview,2021-09-21,7877,875105,120000,943,7637
K02000001,United Kingdom,overview,2021-09-20,2400,875625,120000,982,7810
K02000001,United Kingdom,overview,2021-09-19,10082,840095,120000,1006,7758
K02000001,United Kingdom,overview,2021-09-18,11197,828465,120000,1004,7706
K02000001,United Kingdom,overview,2021-09-17,10828,827315,120000,1011,7916
K02000001,United Kingdom,overview,2021-09-16,9598,820440,120000,1020,8123
K02000001,United Kingdom,overview,2021-09-15,9155,822630,120000,1081,8406
K02000001,United Kingdom,overview,2021-09-14,4933,823180,120000,1060,8400
K02000001,United Kingdom,overview,2021-09-13,5826,799250,120000,1056,8477
K02000001,United Kingdom,overview,2021-09-12,2400,771580,120000,1055,8254
K02000001,United Kingdom,overview,2021-09-11,2400,771350,120000,1027,8144
K02000001,United Kingdom,overview,2021-09-10,2400,761870,120000,1056,8316
K02000001,United Kingdom,overview,2021-09-09,2400,762132,120000,1051,8145
K02000001,United Kingdom,overview,2021-09-08,2400,756772,120000,1060,8136
K02000001,United Kingdom,overview,2021-09-07,2400,686792,120000,1047,7980
K02000001,United Kingdom,overview,2021-09-06,2400,687285,120000,1062,8036
K02000001,United Kingdom,overview,2021-09-05,2400,767415,120000,1018,7750
K02000001,United Kingdom,overview,2021-09-04,2400,758815,120000,1019,7555
K02000001,United Kingdom,overview,2021-09-03,2400,748565,120000,1034,7670
K02000001,United Kingdom,overview,2021-09-02,2400,720242,120000,1038,7621
K02000001,United Kingdom,overview,2021-09-01,2400,718582,120000,1030,7681
K02000001,United Kingdom,overview,2021-08-31,2400,698152,120000,1014,7677
K02000001,United Kingdom,overview,2021-08-30,2400,758152,120000,984,7339
K02000001,United Kingdom,overview,2021-08-29,2400,762152,120000,971,7110
K02000001,United Kingdom,overview,2021-08-28,2400,751792,120000,953,6979
K02000001,United Kingdom,overview,2021-08-27,2400,752152,120000,988,7084
K02000001,United Kingdom,overview,2021-08-26,2400,747435,120000,982,7031
K02000001,United Kingdom,overview,2021-08-25,2400,747435,120000,974,6986
K02000001,United Kingdom,overview,2021-08-24,2400,751251,120000,957,6961
K02000001,United Kingdom,overview,2021-08-23,2400,768851,120000,942,7019
K02000001,United Kingdom,overview,2021-08-22,2400,722911,120000,963,6749
K02000001,United Kingdom,overview,2021-08-21,2400,722611,120000,955,6531
K02000001,United Kingdom,overview,2021-08-20,2400,723731,120000,955,6520
K02000001,United Kingdom,overview,2021-08-19,2400,723098,120000,928,6509
K02000001,United Kingdom,overview,2021-08-18,2400,723868,120000,909,6465
K02000001,United Kingdom,overview,2021-08-17,2400,722768,120000,925,6407
K02000001,United Kingdom,overview,2021-08-16,2400,722928,120000,918,6383
K02000001,United Kingdom,overview,2021-08-15,2400,720028,120000,898,6046
K02000001,United Kingdom,overview,2021-08-14,2400,719968,120000,892,5884
K02000001,United Kingdom,overview,2021-08-13,2400,709848,120000,892,5987
K02000001,United Kingdom,overview,2021-08-12,2400,710619,120000,882,5959
K02000001,United Kingdom,overview,2021-08-11,2400,710603,120000,871,6005
K02000001,United Kingdom,overview,2021-08-10,2400,710103,120000,874,6020
K02000001,United Kingdom,overview,2021-08-09,2400,710193,120000,859,6018
K02000001,United Kingdom,overview,2021-08-08,2400,708743,120000,856,5857
K02000001,United Kingdom,overview,2021-08-07,2400,708793,120000,854,5703
K02000001,United Kingdom,overview,2021-08-06,2400,704743,120000,870,5752
K02000001,United Kingdom,overview,2021-08-05,2400,704773,120000,871,5755
K02000001,United Kingdom,overview,2021-08-04,2400,703893,120000,881,5792
K02000001,United Kingdom,overview,2021-08-03,2400,703773,120000,887,6006
K02000001,United Kingdom,overview,2021-08-02,2847,703513,120000,895,6215
K02000001,United Kingdom,overview,2021-08-01,2400,699013,120000,877,5982
K02000001,United Kingdom,overview,2021-07-31,2400,699013,120000,893,5958
K02000001,United Kingdom,overview,2021-07-30,2400,699013,120000,889,6019
K02000001,United Kingdom,overview,2021-07-29,2650,699025,120000,869,5986
K02000001,United Kingdom,overview,2021-07-28,2691,695025,120000,853,6107
K02000001,United Kingdom,overview,2021-07-27,2400,691025,120000,848,6097
K02000001,United Kingdom,overview,2021-07-26,2400,703325,120000,820,6004
K02000001,United Kingdom,overview,2021-07-25,2400,686025,120000,779,5648
K02000001,United Kingdom,overview,2021-07-24,2400,686025,120000,755,5379
K02000001,United Kingdom,overview,2021-07-23,2400,680025,120000,715,5312
K02000001,United Kingdom,overview,2021-07-22,2400,659885,120000,699,5102
K02000001,United Kingdom,overview,2021-07-21,2400,659085,120000,647,4930
K02000001,United Kingdom,overview,2021-07-20,2400,646085,120000,618,4742
K02000001,United Kingdom,overview,2021-07-19,2400,629385,120000,611,4651
K02000001,United Kingdom,overview,2021-07-18,2400,652385,120000,582,4347
K02000001,United Kingdom,overview,2021-07-17,2400,652385,120000,583,4231
K02000001,United Kingdom,overview,2021-07-16,2400,646385,120000,573,4151
K02000001,United Kingdom,overview,2021-07-15,2400,644403,120000,551,4038
K02000001,United Kingdom,overview,2021-07-14,6457,644403,120000,545,3857
K02000001,United Kingdom,overview,2021-07-13,5207,605403,120000,522,3673
K02000001,United Kingdom,overview,2021-07-12,6712,574403,120000,482,3458
K02000001,United Kingdom,overview,2021-07-11,7044,620403,120000,454,3182
K02000001,United Kingdom,overview,2021-07-10,7815,620403,120000,448,3036
K02000001,United Kingdom,overview,2021-07-09,9185,632403,120000,437,2939
K02000001,United Kingdom,overview,2021-07-08,10395,606389,120000,417,2768
K02000001,United Kingdom,overview,2021-07-07,11651,624389,120000,417,2681
K02000001,United Kingdom,overview,2021-07-06,7670,624389,120000,392,2486
K02000001,United Kingdom,overview,2021-07-05,9429,600483,120000,369,2364
K02000001,United Kingdom,overview,2021-07-04,10576,600483,120000,336,2178
K02000001,United Kingdom,overview,2021-07-03,9961,600483,120000,327,2058
K02000001,United Kingdom,overview,2021-07-02,9287,594483,120000,321,2014
K02000001,United Kingdom,overview,2021-07-01,8809,599478,120000,300,1937
K02000001,United Kingdom,overview,2021-06-30,7748,589478,120000,287,1827
K02000001,United Kingdom,overview,2021-06-29,5903,581070,120000,283,1748
K02000001,United Kingdom,overview,2021-06-28,5477,576070,120000,297,1745
K02000001,United Kingdom,overview,2021-06-27,2400,598070,120000,263,1607
K02000001,United Kingdom,overview,2021-06-26,2400,596070,120000,256,1546
K02000001,United Kingdom,overview,2021-06-25,2400,596070,120000,257,1539
K02000001,United Kingdom,overview,2021-06-24,2400,584073,120000,259,1518
K02000001,United Kingdom,overview,2021-06-23,2400,574073,120000,246,1497
K02000001,United Kingdom,overview,2021-06-22,2400,574073,120000,250,1543
K02000001,United Kingdom,overview,2021-06-21,2400,574073,120000,228,1519
K02000001,United Kingdom,overview,2021-06-20,2400,579073,120000,210,1385
K02000001,United Kingdom,overview,2021-06-19,2400,579073,120000,215,1350
K02000001,United Kingdom,overview,2021-06-18,2400,579073,120000,223,1365
K02000001,United Kingdom,overview,2021-06-17,2400,579131,120000,210,1323
K02000001,United Kingdom,overview,2021-06-16,2400,579131,120000,208,1258
K02000001,United Kingdom,overview,2021-06-15,2400,579131,120000,206,1233
K02000001,United Kingdom,overview,2021-06-14,2400,579462,120000,188,1182
K02000001,United Kingdom,overview,2021-06-13,2400,579462,120000,188,1141
K02000001,United Kingdom,overview,2021-06-12,2400,583462,120000,169,1106
K02000001,United Kingdom,overview,2021-06-11,2400,573462,120000,161,1077
K02000001,United Kingdom,overview,2021-06-10,2400,573459,120000,158,1095
K02000001,United Kingdom,overview,2021-06-09,7429,568459,120000,159,1064
K02000001,United Kingdom,overview,2021-06-08,5707,568459,120000,154,1057
K02000001,United Kingdom,overview,2021-06-07,6640,587538,120000,148,1035
K02000001,United Kingdom,overview,2021-06-06,7922,563538,120000,145,964
K02000001,United Kingdom,overview,2021-06-05,8796,570938,120000,135,938
K02000001,United Kingdom,overview,2021-06-04,10080,570938,120000,130,965
K02000001,United Kingdom,overview,2021-06-03,9893,571266,120000,134,938
K02000001,United Kingdom,overview,2021-06-02,8772,571266,120000,129,961
K02000001,United Kingdom,overview,2021-06-01,5023,570816,120000,136,930
K02000001,United Kingdom,overview,2021-05-31,10670,645813,120000,122,929
K02000001,United Kingdom,overview,2021-05-30,12064,638416,120000,124,907
K02000001,United Kingdom,overview,2021-05-29,11640,645816,120000,119,887
K02000001,United Kingdom,overview,2021-05-28,11643,645816,120000,124,886
K02000001,United Kingdom,overview,2021-05-27,10017,645811,120000,120,872
K02000001,United Kingdom,overview,2021-05-26,9105,645811,120000,125,895
K02000001,United Kingdom,overview,2021-05-25,2400,645811,120000,128,921
K02000001,United Kingdom,overview,2021-05-24,2400,645811,120000,121,960
K02000001,United Kingdom,overview,2021-05-23,2400,638411,120000,120,924
K02000001,United Kingdom,overview,2021-05-22,2400,645811,120000,123,887
K02000001,United Kingdom,overview,2021-05-21,2400,645810,120000,124,922
K02000001,United Kingdom,overview,2021-05-20,2400,645811,120000,123,912
K02000001,United Kingdom,overview,2021-05-19,2400,645811,120000,122,918
K02000001,United Kingdom,overview,2021-05-18,2400,645811,120000,124,898
K02000001,United Kingdom,overview,2021-05-17,2400,645811,120000,125,943
K02000001,United Kingdom,overview,2021-05-16,2400,618411,120000,123,941
K02000001,United Kingdom,overview,2021-05-15,2400,625811,120000,121,966
K02000001,United Kingdom,overview,2021-05-14,2400,625811,120000,124,976
K02000001,United Kingdom,overview,2021-05-13,2400,645838,120000,129,1001
K02000001,United Kingdom,overview,2021-05-12,2400,650838,120000,136,1068
K02000001,United Kingdom,overview,2021-05-11,2400,645838,120000,138,1106
K02000001,United Kingdom,overview,2021-05-10,2400,635580,120000,149,1129
K02000001,United Kingdom,overview,2021-05-09,2400,648180,120000,144,1118
K02000001,United Kingdom,overview,2021-05-08,2400,655580,120000,151,1137
K02000001,United Kingdom,overview,2021-05-07,2400,650580,120000,159,1157
K02000001,United Kingdom,overview,2021-05-06,2400,650553,120000,163,1159
K02000001,United Kingdom,overview,2021-05-05,5460,650553,120000,182,1238
K02000001,United Kingdom,overview,2021-05-04,4033,655553,120000,181,1295
K02000001,United Kingdom,overview,2021-05-03,7608,655553,120000,187,1303
K02000001,United Kingdom,overview,2021-05-02,7608,648153,120000,196,1285
K02000001,United Kingdom,overview,2021-05-01,8280,647353,120000,188,1287
K02000001,United Kingdom,overview,2021-04-30,9461,647353,120000,185,1366
K02000001,United Kingdom,overview,2021-04-29,10831,647351,120000,196,1464
K02000001,United Kingdom,overview,2021-04-28,11278,652351,120000,208,1515
K02000001,United Kingdom,overview,2021-04-27,10982,652351,120000,214,1572
K02000001,United Kingdom,overview,2021-04-26,12597,652351,120000,227,1649
K02000001,United Kingdom,overview,2021-04-25,13914,628141,120000,231,1626
K02000001,United Kingdom,overview,2021-04-24,14204,653251,120000,240,1673
K02000001,United Kingdom,overview,2021-04-23,14599,653251,120000,243,1749
K02000001,United Kingdom,overview,2021-04-22,19840,653250,120000,261,1791
K02000001,United Kingdom,overview,2021-04-21,2445,653250,120000,276,1893
K02000001,United Kingdom,overview,2021-04-20,8159,653250,120000,300,1926
K02000001,United Kingdom,overview,2021-04-19,7359,653038,120000,318,2007
K02000001,United Kingdom,overview,2021-04-18,2400,650138,120000,311,1983
K02000001,United Kingdom,overview,2021-04-17,2400,652738,120000,323,2035
K02000001,United Kingdom,overview,2021-04-16,2400,652738,120000,332,2140
K02000001,United Kingdom,overview,2021-04-15,2400,655338,120000,329,2195
K02000001,United Kingdom,overview,2021-04-14,2400,654438,120000,351,2295
K02000001,United Kingdom,overview,2021-04-13,2400,655438,120000,370,2408
K02000001,United Kingdom,overview,2021-04-12,2400,650438,120000,377,2492
K02000001,United Kingdom,overview,2021-04-11,2400,648538,120000,385,2549
K02000001,United Kingdom,overview,2021-04-10,2400,649538,120000,385,2650
K02000001,United Kingdom,overview,2021-04-09,2400,649138,120000,405,2793
K02000001,United Kingdom,overview,2021-04-08,2400,648345,120000,421,2872
K02000001,United Kingdom,overview,2021-04-07,2400,646945,120000,440,3019
K02000001,United Kingdom,overview,2021-04-06,2400,646045,120000,453,3143
K02000001,United Kingdom,overview,2021-04-05,2400,645945,120000,461,3255
K02000001,United Kingdom,overview,2021-04-04,2400,633145,120000,469,3229
K02000001,United Kingdom,overview,2021-04-03,2400,631845,120000,478,3244
K02000001,United Kingdom,overview,2021-04-02,2400,631545,120000,485,3376
K02000001,United Kingdom,overview,2021-04-01,2400,653528,120000,517,3557
K02000001,United Kingdom,overview,2021-03-31,5795,679928,120000,547,3742
K02000001,United Kingdom,overview,2021-03-30,5045,764628,120000,568,3976
K02000001,United Kingdom,overview,2021-03-29,7162,786098,120000,583,4197
K02000001,United Kingdom,overview,2021-03-28,7086,770298,120000,582,4185
K02000001,United Kingdom,overview,2021-03-27,8086,771298,120000,594,4436
K02000001,United Kingdom,overview,2021-03-26,12009,774498,120000,615,4485
K02000001,United Kingdom,overview,2021-03-25,10657,774573,120000,630,4583
K02000001,United Kingdom,overview,2021-03-24,13886,774073,120000,682,4880
K02000001,United Kingdom,overview,2021-03-23,10608,768873,120000,711,5150
K02000001,United Kingdom,overview,2021-03-22,14778,768473,120000,748,5431
K02000001,United Kingdom,overview,2021-03-21,14217,752473,120000,768,5448
K02000001,United Kingdom,overview,2021-03-20,14686,752473,120000,787,5567
K02000001,United Kingdom,overview,2021-03-19,14733,752473,120000,830,5880
K02000001,United Kingdom,overview,2021-03-18,13879,753013,120000,879,6150
K02000001,United Kingdom,overview,2021-03-17,11711,753013,120000,925,6585
K02000001,United Kingdom,overview,2021-03-16,9001,753113,120000,968,6847
K02000001,United Kingdom,overview,2021-03-15,9514,758854,120000,1016,7207
K02000001,United Kingdom,overview,2021-03-14,2400,736154,120000,1049,7315
K02000001,United Kingdom,overview,2021-03-13,2400,736854,120000,1087,7384
K02000001,United Kingdom,overview,2021-03-12,2400,734654,120000,1110,7728
K02000001,United Kingdom,overview,2021-03-11,2400,734609,120000,1192,8066
K02000001,United Kingdom,overview,2021-03-10,2400,778609,120000,1236,8436
K02000001,United Kingdom,overview,2021-03-09,2400,775609,120000,1292,9009
K02000001,United Kingdom,overview,2021-03-08,2400,775609,120000,1356,9474
K02000001,United Kingdom,overview,2021-03-07,1100,767836,120000,1394,9459
K02000001,United Kingdom,overview,2021-03-06,1100,769024,120000,1449,9711
K02000001,United Kingdom,overview,2021-03-05,1100,754293,120000,1542,10312
K02000001,United Kingdom,overview,2021-03-04,1100,754126,120000,1589,10933
K02000001,United Kingdom,overview,2021-03-03,1100,753326,120000,1647,11523
K02000001,United Kingdom,overview,2021-03-02,1100,750326,120000,1709,12139
K02000001,United Kingdom,overview,2021-03-01,1100,750650,120000,1806,12894
K02000001,United Kingdom,overview,2021-02-28,1100,749036,120000,1783,12788
K02000001,United Kingdom,overview,2021-02-27,1100,750052,120000,1903,13269
K02000001,United Kingdom,overview,2021-02-26,1100,777124,120000,1971,14077
K02000001,United Kingdom,overview,2021-02-25,1100,779624,120000,2047,14849
K02000001,United Kingdom,overview,2021-02-24,4978,778724,120000,2118,15534
K02000001,United Kingdom,overview,2021-02-23,3796,779624,120000,2149,16115
K02000001,United Kingdom,overview,2021-02-22,6177,777122,120000,2273,16855
K02000001,United Kingdom,overview,2021-02-21,7457,736036,120000,2329,16857
K02000001,United Kingdom,overview,2021-02-20,9259,775452,120000,2358,17042
K02000001,United Kingdom,overview,2021-02-19,10688,778541,120000,2469,17860
K02000001,United Kingdom,overview,2021-02-18,12989,777024,120000,2535,18522
K02000001,United Kingdom,overview,2021-02-17,12306,778499,120000,2614,19449
K02000001,United Kingdom,overview,2021-02-16,9839,778499,120000,2708,20215
K02000001,United Kingdom,overview,2021-02-15,13450,767997,120000,2805,20994
K02000001,United Kingdom,overview,2021-02-14,15558,759083,120000,2851,21054
K02000001,United Kingdom,overview,2021-02-13,16756,766827,120000,2842,20970
K02000001,United Kingdom,overview,2021-02-12,17737,771294,120000,2943,22324
K02000001,United Kingdom,overview,2021-02-11,13716,770917,120000,3036,23411
K02000001,United Kingdom,overview,2021-02-10,10819,769711,120000,3132,24417
K02000001,United Kingdom,overview,2021-02-09,17984,768771,120000,3164,25689
K02000001,United Kingdom,overview,2021-02-08,1100,766876,120000,3230,26744
K02000001,United Kingdom,overview,2021-02-07,1100,739738,120000,3302,26800
K02000001,United Kingdom,overview,2021-02-06,1100,740345,120000,3373,26914
K02000001,United Kingdom,overview,2021-02-05,1100,740302,120000,3505,28383
K02000001,United Kingdom,overview,2021-02-04,1100,740611,120000,3572,29413
K02000001,United Kingdom,overview,2021-02-03,1100,770305,120000,3628,30604
K02000001,United Kingdom,overview,2021-02-02,1100,768851,120000,3635,31766
K02000001,United Kingdom,overview,2021-02-01,1100,778967,120000,3726,32960
K02000001,United Kingdom,overview,2021-01-31,1100,796690,120000,3687,32586
K02000001,United Kingdom,overview,2021-01-30,1100,800097,120000,3806,33015
K02000001,United Kingdom,overview,2021-01-29,1100,806463,120000,3832,33847
K02000001,United Kingdom,overview,2021-01-28,1100,805634,120000,3918,34909
K02000001,United Kingdom,overview,2021-01-27,1100,812225,120000,3937,35513
K02000001,United Kingdom,overview,2021-01-26,1100,810972,120000,3961,37101
K02000001,United Kingdom,overview,2021-01-25,1100,809470,120000,4032,37756
K02000001,United Kingdom,overview,2021-01-24,3527,809428,120000,4077,37730
K02000001,United Kingdom,overview,2021-01-23,3568,806988,120000,4066,37398
K02000001,United Kingdom,overview,2021-01-22,4049,811656,120000,4076,38257
K02000001,United Kingdom,overview,2021-01-21,4859,810766,120000,3960,38059
K02000001,United Kingdom,overview,2021-01-20,5563,811185,120000,3953,38739
K02000001,United Kingdom,overview,2021-01-19,4359,813752,120000,3947,38846
K02000001,United Kingdom,overview,2021-01-18,6632,810854,120000,3916,39254
K02000001,United Kingdom,overview,2021-01-17,7745,799772,120000,3871,38169
K02000001,United Kingdom,overview,2021-01-16,7494,802808,120000,3854,37715
K02000001,United Kingdom,overview,2021-01-15,8691,802598,120000,3789,38132
K02000001,United Kingdom,overview,2021-01-14,12031,795950,120000,3672,37691
K02000001,United Kingdom,overview,2021-01-13,17375,801260,120000,3626,37487
K02000001,United Kingdom,overview,2021-01-12,1100,799814,120000,3496,36981
K02000001,United Kingdom,overview,2021-01-11,1100,793534,120000,3363,36751
K02000001,United Kingdom,overview,2021-01-10,1100,784972,120000,3264,35391
K02000001,United Kingdom,overview,2021-01-09,1100,786910,120000,3145,34032
K02000001,United Kingdom,overview,2021-01-08,1100,779418,120000,3098,33778
K02000001,United Kingdom,overview,2021-01-07,1100,776382,120000,2929,32583
K02000001,United Kingdom,overview,2021-01-06,1100,768882,120000,2821,31946
K02000001,United Kingdom,overview,2021-01-05,1100,774238,120000,2645,30686
K02000001,United Kingdom,overview,2021-01-04,1100,760952,120000,2560,30775
K02000001,United Kingdom,overview,2021-01-03,1100,753753,120000,2420,29033
K02000001,United Kingdom,overview,2021-01-02,1100,758004,120000,2256,27561
K02000001,United Kingdom,overview,2021-01-01,1100,710006,120000,2162,26389
K02000001,United Kingdom,overview,2020-12-31,1100,720746,120000,2122,26578
K02000001,United Kingdom,overview,2020-12-30,1100,721514,120000,2066,26551
K02000001,United Kingdom,overview,2020-12-29,1100,738114,120000,1939,25549
K02000001,United Kingdom,overview,2020-12-28,1100,755406,120000,1847,24049
K02000001,United Kingdom,overview,2020-12-27,1100,748622,120000,1751,22764
K02000001,United Kingdom,overview,2020-12-26,1100,719216,120000,1682,21730
K02000001,United Kingdom,overview,2020-12-25,1100,700306,120000,1616,20918
K02000001,United Kingdom,overview,2020-12-24,1100,719971,120000,1607,21577
K02000001,United Kingdom,overview,2020-12-23,1100,711264,120000,1554,21222
K02000001,United Kingdom,overview,2020-12-22,1100,715114,120000,1529,21488
K02000001,United Kingdom,overview,2020-12-21,1100,682894,120000,1512,21133
K02000001,United Kingdom,overview,2020-12-20,1100,663550,120000,1442,20004
K02000001,United Kingdom,overview,2020-12-19,1100,646636,120000,1412,19463
K02000001,United Kingdom,overview,2020-12-18,1100,572780,120000,1364,19117
K02000001,United Kingdom,overview,2020-12-17,1100,584280,120000,1366,18970
K02000001,United Kingdom,overview,2020-12-16,1100,549480,120000,1340,18671
K02000001,United Kingdom,overview,2020-12-15,1100,533964,120000,1326,18216
K02000001,United Kingdom,overview,2020-12-14,1100,552810,120000,1288,18246
K02000001,United Kingdom,overview,2020-12-13,1100,542366,120000,1281,17538
K02000001,United Kingdom,overview,2020-12-12,1100,542836,120000,1243,16909
K02000001,United Kingdom,overview,2020-12-11,1100,537163,120000,1275,16885
K02000001,United Kingdom,overview,2020-12-10,1100,536978,120000,1267,16723
K02000001,United Kingdom,overview,2020-12-09,1100,552186,120000,1243,16331
K02000001,United Kingdom,overview,2020-12-08,1100,559686,120000,1272,16477
K02000001,United Kingdom,overview,2020-12-07,1100,561716,120000,1271,16415
K02000001,United Kingdom,overview,2020-12-06,1100,555960,120000,1249,15960
K02000001,United Kingdom,overview,2020-12-05,1373,561836,120000,1247,15688
K02000001,United Kingdom,overview,2020-12-04,4543,560589,120000,1274,15727
K02000001,United Kingdom,overview,2020-12-03,5240,578098,120000,1261,15658
K02000001,United Kingdom,overview,2020-12-02,5262,578287,120000,1315,15977
K02000001,United Kingdom,overview,2020-12-01,5923,578137,120000,1351,16312
K02000001,United Kingdom,overview,2020-11-30,7080,568415,120000,1357,16565
K02000001,United Kingdom,overview,2020-11-29,1100,541159,120000,1387,16313
K02000001,United Kingdom,overview,2020-11-28,1100,536262,120000,1378,15985
K02000001,United Kingdom,overview,2020-11-27,1100,534326,120000,1417,16571
K02000001,United Kingdom,overview,2020-11-26,1100,533800,120000,1456,16762
K02000001,United Kingdom,overview,2020-11-25,1100,534125,120000,1480,17132
K02000001,United Kingdom,overview,2020-11-24,1100,528125,120000,1489,17424
K02000001,United Kingdom,overview,2020-11-23,1100,525856,120000,1487,17680
K02000001,United Kingdom,overview,2020-11-22,1100,535906,120000,1454,17264
K02000001,United Kingdom,overview,2020-11-21,1100,538088,120000,1447,17063
K02000001,United Kingdom,overview,2020-11-20,1100,537326,120000,1422,17184
K02000001,United Kingdom,overview,2020-11-19,1100,537771,120000,1426,17459
K02000001,United Kingdom,overview,2020-11-18,1100,536471,120000,1430,17486
K02000001,United Kingdom,overview,2020-11-17,1100,529691,120000,1420,17439
K02000001,United Kingdom,overview,2020-11-16,1100,519417,120000,1391,17313
K02000001,United Kingdom,overview,2020-11-15,1100,504595,120000,1397,16864
K02000001,United Kingdom,overview,2020-11-14,1100,514418,120000,1365,16299
K02000001,United Kingdom,overview,2020-11-13,1100,520135,120000,1355,16236
K02000001,United Kingdom,overview,2020-11-12,1100,519951,120000,1275,15879
K02000001,United Kingdom,overview,2020-11-11,1100,518957,120000,1268,15666
K02000001,United Kingdom,overview,2020-11-10,1100,511451,120000,1219,14964
K02000001,United Kingdom,overview,2020-11-09,1100,504491,120000,1271,15141
K02000001,United Kingdom,overview,2020-11-08,1100,517957,120000,1232,14546
K02000001,United Kingdom,overview,2020-11-07,1100,527761,120000,1207,14314
K02000001,United Kingdom,overview,2020-11-06,1100,530046,120000,1187,13958
K02000001,United Kingdom,overview,2020-11-05,1944,529268,120000,1183,13796
K02000001,United Kingdom,overview,2020-11-04,5877,523468,120000,1193,13817
K02000001,United Kingdom,overview,2020-11-03,3599,523868,120000,1144,13749
K02000001,United Kingdom,overview,2020-11-02,8782,513334,120000,1075,13105
K02000001,United Kingdom,overview,2020-11-01,11863,509007,120000,979,12230
K02000001,United Kingdom,overview,2020-10-31,7093,519289,120000,1003,12310
K02000001,United Kingdom,overview,2020-10-30,6949,472592,120000,979,11788
K02000001,United Kingdom,overview,2020-10-29,13082,468979,120000,974,11583
K02000001,United Kingdom,overview,2020-10-28,9543,459069,120000,957,11434
K02000001,United Kingdom,overview,2020-10-27,7167,433474,120000,903,10938
K02000001,United Kingdom,overview,2020-10-26,19511,427312,120000,853,10108
K02000001,United Kingdom,overview,2020-10-25,14932,364164,120000,828,9786
K02000001,United Kingdom,overview,2020-10-24,14193,361246,120000,788,9262
K02000001,United Kingdom,overview,2020-10-23,13580,356668,120000,744,8886
K02000001,United Kingdom,overview,2020-10-22,14999,347674,120000,708,8311
K02000001,United Kingdom,overview,2020-10-21,14041,367108,120000,712,8132
K02000001,United Kingdom,overview,2020-10-20,10059,364574,120000,698,7852
K02000001,United Kingdom,overview,2020-10-19,4001,359220,120000,658,7334
K02000001,United Kingdom,overview,2020-10-18,1100,330370,120000,630,6829
K02000001,United Kingdom,overview,2020-10-17,1100,327668,120000,614,6545
K02000001,United Kingdom,overview,2020-10-16,1100,328461,120000,592,6296
K02000001,United Kingdom,overview,2020-10-15,1100,323006,120000,581,5933
K02000001,United Kingdom,overview,2020-10-14,1100,345135,120000,563,5598
K02000001,United Kingdom,overview,2020-10-13,1100,344426,120000,516,5293
K02000001,United Kingdom,overview,2020-10-12,1100,344159,120000,507,4959
K02000001,United Kingdom,overview,2020-10-11,1100,309921,120000,477,4670
K02000001,United Kingdom,overview,2020-10-10,1100,308630,120000,469,4358
K02000001,United Kingdom,overview,2020-10-09,1461,306630,120000,440,4170
K02000001,United Kingdom,overview,2020-10-08,1545,313399,120000,436,4085
K02000001,United Kingdom,overview,2020-10-07,5571,303164,120000,442,3893
K02000001,United Kingdom,overview,2020-10-06,4203,303070,120000,410,3642
K02000001,United Kingdom,overview,2020-10-05,12315,302587,120000,393,3370
K02000001,United Kingdom,overview,2020-10-04,4703,298547,120000,369,3056
K02000001,United Kingdom,overview,2020-10-03,10171,295497,120000,369,2867
K02000001,United Kingdom,overview,2020-10-02,9831,297149,120000,369,2723
K02000001,United Kingdom,overview,2020-10-01,14689,296699,120000,341,2592
K02000001,United Kingdom,overview,2020-09-30,13532,310993,120000,333,2530
K02000001,United Kingdom,overview,2020-09-29,9013,288899,120000,314,2420
K02000001,United Kingdom,overview,2020-09-28,17194,287690,120000,297,2399
K02000001,United Kingdom,overview,2020-09-27,22684,268815,120000,276,2188
K02000001,United Kingdom,overview,2020-09-26,12079,270097,120000,261,2033
K02000001,United Kingdom,overview,2020-09-25,14766,270921,120000,262,2020
K02000001,United Kingdom,overview,2020-09-24,11790,270965,120000,243,1846
K02000001,United Kingdom,overview,2020-09-23,14363,263971,120000,228,1730
K02000001,United Kingdom,overview,2020-09-22,9345,258877,120000,211,1636
K02000001,United Kingdom,overview,2020-09-21,7532,263689,120000,181,1558
K02000001,United Kingdom,overview,2020-09-20,1100,257377,120000,165,1398
K02000001,United Kingdom,overview,2020-09-19,1100,255570,120000,144,1300
K02000001,United Kingdom,overview,2020-09-18,1100,255949,120000,138,1221
K02000001,United Kingdom,overview,2020-09-17,1100,253521,120000,127,1162
K02000001,United Kingdom,overview,2020-09-16,1100,252911,120000,124,1106
K02000001,United Kingdom,overview,2020-09-15,1100,242911,120000,115,1066
K02000001,United Kingdom,overview,2020-09-14,11100,242817,120000,105,982
K02000001,United Kingdom,overview,2020-09-13,1100,231921,120000,92,843
K02000001,United Kingdom,overview,2020-09-12,1100,232015,120000,86,812
K02000001,United Kingdom,overview,2020-09-11,1200,234857,120000,143,770
K02000001,United Kingdom,overview,2020-09-10,2100,234817,120000,78,944
K02000001,United Kingdom,overview,2020-09-09,11100,243817,120000,80,924
K02000001,United Kingdom,overview,2020-09-08,1100,243817,120000,80,894
K02000001,United Kingdom,overview,2020-09-07,11100,238763,120000,77,902
K02000001,United Kingdom,overview,2020-09-06,11100,226773,120000,69,817
K02000001,United Kingdom,overview,2020-09-05,11100,221867,120000,67,812
K02000001,United Kingdom,overview,2020-09-04,11100,221149,120000,69,818
K02000001,United Kingdom,overview,2020-09-03,13600,221337,120000,76,817
K02000001,United Kingdom,overview,2020-09-02,13600,238837,120000,81,803
K02000001,United Kingdom,overview,2020-09-01,11100,238837,120000,82,861
K02000001,United Kingdom,overview,2020-08-31,11100,239222,120000,71,854
K02000001,United Kingdom,overview,2020-08-30,11100,217768,120000,68,831
K02000001,United Kingdom,overview,2020-08-29,11100,217902,120000,66,833
K02000001,United Kingdom,overview,2020-08-28,11100,221034,120000,60,818
K02000001,United Kingdom,overview,2020-08-27,13600,221059,120000,71,840
K02000001,United Kingdom,overview,2020-08-26,13600,221059,120000,64,829
K02000001,United Kingdom,overview,2020-08-25,11100,218059,120000,68,844
K02000001,United Kingdom,overview,2020-08-24,11100,217965,120000,68,876
K02000001,United Kingdom,overview,2020-08-23,11100,199793,120000,72,870
K02000001,United Kingdom,overview,2020-08-22,1100,199887,120000,71,943
K02000001,United Kingdom,overview,2020-08-21,1100,210065,120000,72,888
K02000001,United Kingdom,overview,2020-08-20,3600,210079,120000,76,909
K02000001,United Kingdom,overview,2020-08-19,3600,208079,120000,70,924
K02000001,United Kingdom,overview,2020-08-18,1100,203402,120000,73,953
K02000001,United Kingdom,overview,2020-08-17,1100,203308,120000,73,982
K02000001,United Kingdom,overview,2020-08-16,1100,204986,120000,78,979
K02000001,United Kingdom,overview,2020-08-15,1100,203227,120000,76,974
K02000001,United Kingdom,overview,2020-08-14,1100,204942,120000,73,995
K02000001,United Kingdom,overview,2020-08-13,3600,207046,120000,75,1008
K02000001,United Kingdom,overview,2020-08-12,3600,210046,120000,80,1004
K02000001,United Kingdom,overview,2020-08-11,1100,210046,120000,73,1039
K02000001,United Kingdom,overview,2020-08-10,7100,209952,120000,70,1087
K02000001,United Kingdom,overview,2020-08-09,10100,206989,120000,65,983
K02000001,United Kingdom,overview,2020-08-08,10100,205227,120000,62,1027
K02000001,United Kingdom,overview,2020-08-07,10100,207942,120000,67,1094
K02000001,United Kingdom,overview,2020-08-06,12600,210631,120000,69,1155
K02000001,United Kingdom,overview,2020-08-05,12600,208631,120000,73,1200
K02000001,United Kingdom,overview,2020-08-04,10100,208631,120000,76,1216
K02000001,United Kingdom,overview,2020-08-03,10100,208497,120000,77,1251
K02000001,United Kingdom,overview,2020-08-02,10100,208313,120000,85,1254
K02000001,United Kingdom,overview,2020-08-01,10100,206212,120000,92,1290
K02000001,United Kingdom,overview,2020-07-31,10100,215057,120000,86,1266
K02000001,United Kingdom,overview,2020-07-30,12600,211803,120000,84,1314
K02000001,United Kingdom,overview,2020-07-29,12600,211803,120000,87,1350
K02000001,United Kingdom,overview,2020-07-28,10100,211803,120000,93,1369
K02000001,United Kingdom,overview,2020-07-27,10100,209709,120000,97,1370
K02000001,United Kingdom,overview,2020-07-26,10100,208485,120000,92,1383
K02000001,United Kingdom,overview,2020-07-25,10100,206702,120000,93,1401
K02000001,United Kingdom,overview,2020-07-24,1100,209547,120000,104,1453
K02000001,United Kingdom,overview,2020-07-23,3600,206426,120000,111,1538
K02000001,United Kingdom,overview,2020-07-22,3600,206426,120000,110,1747
K02000001,United Kingdom,overview,2020-07-21,1100,206426,120000,137,1634
K02000001,United Kingdom,overview,2020-07-20,1100,206332,120000,129,1734
K02000001,United Kingdom,overview,2020-07-19,1100,197729,120000,131,1742
K02000001,United Kingdom,overview,2020-07-18,1100,196351,120000,137,1776
K02000001,United Kingdom,overview,2020-07-17,1100,198606,120000,143,1804
K02000001,United Kingdom,overview,2020-07-16,3600,203277,120000,142,1829
K02000001,United Kingdom,overview,2020-07-15,8600,221270,120000,153,1974
K02000001,United Kingdom,overview,2020-07-14,6100,219770,120000,145,1993
K02000001,United Kingdom,overview,2020-07-13,6100,213655,120000,162,2113
K02000001,United Kingdom,overview,2020-07-12,6100,211526,120000,159,2101
K02000001,United Kingdom,overview,2020-07-11,7520,209001,120000,168,2119
K02000001,United Kingdom,overview,2020-07-10,17520,211134,120000,191,2244
K02000001,United Kingdom,overview,2020-07-09,20020,215683,120000,188,2345
K02000001,United Kingdom,overview,2020-07-08,20020,210683,120000,185,2454
K02000001,United Kingdom,overview,2020-07-07,17520,213683,120000,197,2598
K02000001,United Kingdom,overview,2020-07-06,16520,212589,120000,209,2699
K02000001,United Kingdom,overview,2020-07-05,11520,199593,100000,217,2741
K02000001,United Kingdom,overview,2020-07-04,11520,198001,100000,221,2802
K02000001,United Kingdom,overview,2020-07-03,11520,200134,100000,231,2942
K02000001,United Kingdom,overview,2020-07-02,14020,202495,100000,239,3079
K02000001,United Kingdom,overview,2020-07-01,14020,201919,100000,259,3198
K02000001,United Kingdom,overview,2020-06-30,11520,201919,100000,279,3383
K02000001,United Kingdom,overview,2020-06-29,11520,205635,100000,262,3748
K02000001,United Kingdom,overview,2020-06-28,11420,202838,80000,270,3557
K02000001,United Kingdom,overview,2020-06-27,11420,199026,80000,270,3544
K02000001,United Kingdom,overview,2020-06-26,11420,201729,80000,268,3620
K02000001,United Kingdom,overview,2020-06-25,11420,201541,80000,276,3850
K02000001,United Kingdom,overview,2020-06-24,13920,200983,80000,316,4030
K02000001,United Kingdom,overview,2020-06-23,13920,200999,80000,311,4134
K02000001,United Kingdom,overview,2020-06-22,11420,203022,80000,340,4281
K02000001,United Kingdom,overview,2020-06-21,1420,201078,80000,310,4222
K02000001,United Kingdom,overview,2020-06-20,1420,201172,80000,346,4252
K02000001,United Kingdom,overview,2020-06-19,1420,199216,80000,330,4414
K02000001,United Kingdom,overview,2020-06-18,1420,198609,80000,352,4560
K02000001,United Kingdom,overview,2020-06-17,1420,198609,80000,357,4719
K02000001,United Kingdom,overview,2020-06-16,1420,198609,80000,378,4863
K02000001,United Kingdom,overview,2020-06-15,1420,202327,80000,385,4870
K02000001,United Kingdom,overview,2020-06-14,1420,200120,40000,393,4908
K02000001,United Kingdom,overview,2020-06-13,1420,200214,40000,390,4941
K02000001,United Kingdom,overview,2020-06-12,1420,188234,40000,393,5090
K02000001,United Kingdom,overview,2020-06-11,1420,188704,40000,390,5179
K02000001,United Kingdom,overview,2020-06-10,2000,187704,40000,439,5475
K02000001,United Kingdom,overview,2020-06-09,2000,187704,40000,491,5736
K02000001,United Kingdom,overview,2020-06-08,1000,184742,40000,509,5931
K02000001,United Kingdom,overview,2020-06-07,1000,186455,40000,515,5944
K02000001,United Kingdom,overview,2020-06-06,1000,186549,40000,540,6149
K02000001,United Kingdom,overview,2020-06-05,1000,188912,40000,554,6379
K02000001,United Kingdom,overview,2020-06-04,1000,179536,40000,571,6580
K02000001,United Kingdom,overview,2020-06-03,1000,179307,40000,602,6815
K02000001,United Kingdom,overview,2020-06-02,1000,179307,40000,636,7087
K02000001,United Kingdom,overview,2020-06-01,1000,179213,40000,652,7248
K02000001,United Kingdom,overview,2020-05-31,1000,166540,40000,679,7238
K02000001,United Kingdom,overview,2020-05-30,1000,164634,40000,704,7268
K02000001,United Kingdom,overview,2020-05-29,1000,165443,40000,719,7586
K02000001,United Kingdom,overview,2020-05-28,1000,163255,,751,7907
K02000001,United Kingdom,overview,2020-05-27,1000,161164,,783,8220
K02000001,United Kingdom,overview,2020-05-26,1050,160164,,847,8732
K02000001,United Kingdom,overview,2020-05-25,11050,143070,,863,8836
K02000001,United Kingdom,overview,2020-05-24,11050,128853,,886,8814
K02000001,United Kingdom,overview,2020-05-23,11050,123691,,928,8814
K02000001,United Kingdom,overview,2020-05-22,11050,125421,,964,9184
K02000001,United Kingdom,overview,2020-05-21,11050,127612,,1008,9293
K02000001,United Kingdom,overview,2020-05-20,11100,124855,,1034,9563
K02000001,United Kingdom,overview,2020-05-19,11100,118867,,1106,10013
K02000001,United Kingdom,overview,2020-05-18,11100,116867,,1141,10231
K02000001,United Kingdom,overview,2020-05-17,11000,118822,,1196,10199
K02000001,United Kingdom,overview,2020-05-16,1000,117822,,1234,10238
K02000001,United Kingdom,overview,2020-05-15,1000,128203,,1337,10691
K02000001,United Kingdom,overview,2020-05-14,1000,127498,,1314,10921
K02000001,United Kingdom,overview,2020-05-13,1000,125400,,1342,11342
K02000001,United Kingdom,overview,2020-05-12,1000,116982,,1414,11591
K02000001,United Kingdom,overview,2020-05-11,1000,109670,,1485,11967
K02000001,United Kingdom,overview,2020-05-10,1000,107356,,1538,11727
K02000001,United Kingdom,overview,2020-05-09,1000,95106,,1585,12015
K02000001,United Kingdom,overview,2020-05-08,1000,89170,,1642,12053
K02000001,United Kingdom,overview,2020-05-07,1000,101321,,1685,12626
K02000001,United Kingdom,overview,2020-05-06,1000,99921,,1802,13148
K02000001,United Kingdom,overview,2020-05-05,1000,99454,,1874,13723
K02000001,United Kingdom,overview,2020-05-04,1000,93248,,1936,14097
K02000001,United Kingdom,overview,2020-05-03,1000,107108,,2009,14188
K02000001,United Kingdom,overview,2020-05-02,1000,107024,,2068,14380
K02000001,United Kingdom,overview,2020-05-01,1000,120979,,2178,14723
K02000001,United Kingdom,overview,2020-04-30,700,121715,,2224,15164
K02000001,United Kingdom,overview,2020-04-29,700,85865,,2286,15521
K02000001,United Kingdom,overview,2020-04-28,700,76665,,2353,15877
K02000001,United Kingdom,overview,2020-04-27,700,72700,,2460,16662
K02000001,United Kingdom,overview,2020-04-26,500,51762,,2580,16555
K02000001,United Kingdom,overview,2020-04-25,500,53392,,2702,16604
K02000001,United Kingdom,overview,2020-04-24,500,49362,,2703,17063
K02000001,United Kingdom,overview,2020-04-23,500,53367,,2867,17867
K02000001,United Kingdom,overview,2020-04-22,500,50621,,2964,18533
K02000001,United Kingdom,overview,2020-04-21,500,47773,,3036,19139
K02000001,United Kingdom,overview,2020-04-20,500,40898,,3130,19331
K02000001,United Kingdom,overview,2020-04-19,500,39898,,3176,19574
K02000001,United Kingdom,overview,2020-04-18,500,35898,,3247,19456
K02000001,United Kingdom,overview,2020-04-17,500,34308,,3162,19330
K02000001,United Kingdom,overview,2020-04-16,500,38608,,3222,20389
K02000001,United Kingdom,overview,2020-04-15,500,38266,,3228,20582
K02000001,United Kingdom,overview,2020-04-14,500,35071,,3234,21281
K02000001,United Kingdom,overview,2020-04-13,500,32671,,3277,21308
K02000001,United Kingdom,overview,2020-04-12,500,27447,,3301,21687
K02000001,United Kingdom,overview,2020-04-11,500,27447,,3274,21254
K02000001,United Kingdom,overview,2020-04-10,500,26057,,3228,21280
K02000001,United Kingdom,overview,2020-04-09,500,26557,,2963,21005
K02000001,United Kingdom,overview,2020-04-08,,24469,,2967,20740
K02000001,United Kingdom,overview,2020-04-07,,18149,,2864,20234
K02000001,United Kingdom,overview,2020-04-06,,18049,,2644,19493
K02000001,United Kingdom,overview,2020-04-05,,15699,,2469,18855
K02000001,United Kingdom,overview,2020-04-04,,15699,,2309,17502
K02000001,United Kingdom,overview,2020-04-03,,15499,,2120,15546
K02000001,United Kingdom,overview,2020-04-02,,15499,,1813,13875
K02000001,United Kingdom,overview,2020-04-01,,15499,,,13637
K02000001,United Kingdom,overview,2020-03-31,,15499,,,12597
K02000001,United Kingdom,overview,2020-03-30,,12799,,,11093
K02000001,United Kingdom,overview,2020-03-29,,12799,,,9525
K02000001,United Kingdom,overview,2020-03-28,,10949,,,8278
K02000001,United Kingdom,overview,2020-03-27,,10949,,,7267
K02000001,United Kingdom,overview,2020-03-26,,10949,,,
K02000001,United Kingdom,overview,2020-03-25,,10949,,,
K02000001,United Kingdom,overview,2020-03-24,,10949,,,
K02000001,United Kingdom,overview,2020-03-23,,10949,,,
K02000001,United Kingdom,overview,2020-03-22,,10949,,,
K02000001,United Kingdom,overview,2020-03-21,,6127,,,
K02000001,United Kingdom,overview,2020-03-20,,6127,,,
